|Set 01| |Сет 01| License Лиценца |LaTex template is copyrighted by its author and licensed under GPL. Rendered documents are distributed under GPL as well and copyrighted by the author. If you have any questions, please contact the author at $n$i$k$i$t$a $[$a$t$]$ $p$c$h$e$l$i$n $[$d$o$t$] $c$a| |Copyright and License Notice|
|Set 01| |Сет 01| Nouns Именки |Австр$алиец, Австр$алијка| |Australian (male/female)|
|Set 01| |Сет 01| Nouns Именки Австр$алијци Australians
|Set 01| |Сет 01| Nouns Именки |адвок$ат (м)| lawyer
|Set 01| |Сет 01| Nouns Именки |Амер$икан_ец, Амер$иканка| |American (male/female)|
|Set 01| |Сет 01| Nouns Именки Амер$иканци Americans
|Set 01| |Сет 01| Nouns Именки $Англија England
|Set 01| |Сет 01| Nouns Именки |Англ$ичанец, Англ$ичанка| |English (male/female)|
|Set 01| |Сет 01| Nouns Именки $аптека drugstore
|Set 01| |Сет 01| Nouns Именки архит$ект architect
|Set 01| |Сет 01| Nouns Именки б$аба grandmother
|Set 01| |Сет 01| Nouns Именки |б$ела т$абла| whiteboard
|Set 01| |Сет 01| Nouns Именки брат brother
|Set 01| |Сет 01| Nouns Именки вр$ата door
|Set 01| |Сет 01| Nouns Именки град city
|Set 01| |Сет 01| Nouns Именки г$ума |eraser; rubber|
|Set 01| |Сет 01| Nouns Именки д$едо grandfather
|Set 01| |Сет 01| Nouns Именки з$емја country
|Set 01| |Сет 01| Nouns Именки $име name
|Set 01| |Сет 01| Nouns Именки инжен$ер engineer
|Set 01| |Сет 01| Nouns Именки |Кан$аѓанец, Кан$аѓанка| |Canadian (male/female)|
|Set 01| |Сет 01| Nouns Именки Кан$аѓани Canadians
|Set 01| |Сет 01| Nouns Именки к$ино |movie theatre|
|Set 01| |Сет 01| Nouns Именки кл$упа |school desk, bench|
|Set 01| |Сет 01| Nouns Именки кр$еда chalk
|Set 01| |Сет 01| Nouns Именки л$екар/л$екарка |doctor (male/female)|
|Set 01| |Сет 01| Nouns Именки м$ајка mother
|Set 01| |Сет 01| Nouns Именки |Мак$едон_ец, Мак$едонка| |Macedonian (male/female)|
|Set 01| |Сет 01| Nouns Именки Мак$едонци Macedonians
|Set 01| |Сет 01| Nouns Именки м$олив pencil
|Set 01| |Сет 01| Nouns Именки |н$аставник, наст$авничка| |teacher in middle school, teacher|
|Set 01| |Сет 01| Nouns Именки национ$алност nationality
|Set 01| |Сет 01| Nouns Именки |ноќ (ж)| night
|Set 01| |Сет 01| Nouns Именки п$енкало pen
|Set 01| |Сет 01| Nouns Именки пр$езиме |last name|
|Set 01| |Сет 01| Nouns Именки пр$озорец window
|Set 01| |Сет 01| Nouns Именки проф$есија profession
|Set 01| |Сет 01| Nouns Именки пр$офесор/проф$есорка |high school teacher, professor (male/female)|
|Set 01| |Сет 01| Nouns Именки р$адио radio
|Set 01| |Сет 01| Nouns Именки с$естра sister
|Set 01| |Сет 01| Nouns Именки |сл$ужбеник, служб$еничка| |office worker (male/female)|
|Set 01| |Сет 01| Nouns Именки ст$олче chair
|Set 01| |Сет 01| Nouns Именки студ$ент(ка)/студ$ентка |student (male/female)|
|Set 01| |Сет 01| Nouns Именки с$удија/с$удијка judge
|Set 01| |Сет 01| Nouns Именки т$абла |board; blackboard|
|Set 01| |Сет 01| Nouns Именки т$атко father
|Set 01| |Сет 01| Nouns Именки телев$изија television
|Set 01| |Сет 01| Nouns Именки т$етратка notebook
|Set 01| |Сет 01| Nouns Именки универзит$ет university
|Set 01| |Сет 01| Nouns Именки |$ученик, уч$еничка| |student (primary and secondary); (male/female)|
|Set 01| |Сет 01| Nouns Именки $учител/уч$ителка |school teacher|
|Set 01| |Сет 01| Nouns Именки формул$ар |form, application|
|Set 01| |Сет 01| |Personal pronouns| |Лични заменки| |јас, ти, тој, таа, тоа| |I, you, he, she, it|
|Set 01| |Сет 01| |Personal pronouns| |Лични заменки| |ние, вие, тие| |we, you, they|
|Set 01| |Сет 01| |Personal pronouns| |Лични заменки| кој who
|Set 01| |Сет 01| |Personal pronouns| |Лични заменки| што what
|Set 01| |Сет 01| Verbs Глаголи |се в$ика| |to be called|
|Set 01| |Сет 01| Verbs Глаголи е |(s)he, it is|
|Set 01| |Сет 01| Verbs Глаголи се |they are|
|Set 01| |Сет 01| Verbs Глаголи си |you (informal) are|
|Set 01| |Сет 01| Verbs Глаголи сме |we are|
|Set 01| |Сет 01| Verbs Глаголи сте |you (formal and plural) are|
|Set 01| |Сет 01| Verbs Глаголи сум |I am|
|Set 01| |Сет 01| Prepositions Предлози |во, в| in
|Set 01| |Сет 01| Prepositions Предлози на |at; to; of|
|Set 01| |Сет 01| Prepositions Предлози по |by, along|
|Set 01| |Сет 01| Adverbs Прилози д$обро good
|Set 01| |Сет 01| Adverbs Прилози к$аде where
|Set 01| |Сет 01| Adverbs Прилози к$ако how
|Set 01| |Сет 01| Adverbs Прилози т$ука here
|Set 01| |Сет 01| Conjunctions Сврзници а |and, but|
|Set 01| |Сет 01| Conjunctions Сврзници и |and; also|
|Set 01| |Сет 01| Expressions Изрази Благ$одарам |Thank you|
|Set 01| |Сет 01| Expressions Изрази |Благ$одарам мн$огу| |Thank you very much.|
|Set 01| |Сет 01| Expressions Изрази |Ве м$олам| please
|Set 01| |Сет 01| Expressions Изрази |Д$обар ден!| |Good afternoon!|
|Set 01| |Сет 01| Expressions Изрази |Д$обро в$eчер!| |Good Evening!|
|Set 01| |Сет 01| Expressions Изрази |Д$обро $утро!| |Good morning!|
|Set 01| |Сет 01| Expressions Изрази Довид$ување |Goodbye! See you!|
|Set 01| |Сет 01| Expressions Изрази Здр$аво! |Hello; hi!|
|Set 01| |Сет 01| Expressions Изрази |М$ило ми е!| |I’m delighted (to meet you)!|
|Set 01| |Сет 01| Expressions Изрази |М$ило ми е што се зап$ознавме| |I am pleased to meet you.|
|Set 01| |Сет 01| Expressions Изрази Пр$ијатно |Goodbye!; Enjoy!; Bon appétit!|
|Set 01| |Сет 01| Expressions Изрази |Што си/сте по национ$алност?| |What is your nationality?|
|Set 01| |Сет 01| Expressions Изрази |Што си/сте по проф$есија?| |What is your profession?|
|Set 01| |Сет 01| Expressions Изрази |К$ако се в$икаш?/К$ако се в$икате?| |What is your name?|
|Set 01| |Сет 01| |Other words| |Други зборови| а |article used to introduce new topic|
|Set 01| |Сет 01| |Other words| |Други зборови| да yes
|Set 01| |Сет 01| |Other words| |Други зборови| д$али |interrogative particle; whether|
|Set 01| |Сет 01| |Other words| |Други зборови| |$Егејска Мак$едонија| |Aegean Macedonia|
|Set 01| |Сет 01| |Other words| |Други зборови| |$име на м$ајка/т$атко| |mother’s/father’s name|
|Set 01| |Сет 01| |Other words| |Други зборови| ли |interrogative particle|
|Set 01| |Сет 01| |Other words| |Други зборови| |м$есто на жив$еење| |place of residence|
|Set 01| |Сет 01| |Other words| |Други зборови| не |no; marker of negation|
|Set 01| |Сет 01| |Other words| |Други зборови| $ова |this [neuter singular]|
|Set 01| |Сет 01| |Other words| |Други зборови| САД USA
|Set 02| |Сет 02| Nouns Именки б$анка bank
|Set 02| |Сет 02| Nouns Именки бизнисм$ен businessman
|Set 02| |Сет 02| Nouns Именки |брат (мн. бр$аќа)| brother(s)
|Set 02| |Сет 02| Nouns Именки |број (мн. бр$оеви)| number(s)
|Set 02| |Сет 02| Nouns Именки в$есник newspaper
|Set 02| |Сет 02| Nouns Именки |в$ет_ар (мн. в$етрови)| wind
|Set 02| |Сет 02| Nouns Именки |в$ечер (ж)| evening
|Set 02| |Сет 02| Nouns Именки г$одина year
|Set 02| |Сет 02| Nouns Именки гр$упа group
|Set 02| |Сет 02| Nouns Именки д$ете child
|Set 02| |Сет 02| Nouns Именки др$агстор |convenience store|
|Set 02| |Сет 02| Nouns Именки д$уќан store
|Set 02| |Сет 02| Nouns Именки ж$ена |wife; woman|
|Set 02| |Сет 02| Nouns Именки згр$ада building
|Set 02| |Сет 02| Nouns Именки ј$азик language
|Set 02| |Сет 02| Nouns Именки к$афе coffee
|Set 02| |Сет 02| Nouns Именки к$елнер waiter
|Set 02| |Сет 02| Nouns Именки кн$ига book
|Set 02| |Сет 02| Nouns Именки К$ока-к$ола Coca-cola
|Set 02| |Сет 02| Nouns Именки к$уќа house
|Set 02| |Сет 02| Nouns Именки леб bread
|Set 02| |Сет 02| Nouns Именки |маж (мн. мажи)| |husband; man|
|Set 02| |Сет 02| Nouns Именки муз$еј museum
|Set 02| |Сет 02| Nouns Именки парк park
|Set 02| |Сет 02| Nouns Именки п$иво beer
|Set 02| |Сет 02| Nouns Именки п$ица pizza
|Set 02| |Сет 02| Nouns Именки прод$авница store
|Set 02| |Сет 02| Nouns Именки пр$одавач/прод$авачка |sales clerk (male/female)|
|Set 02| |Сет 02| Nouns Именки р$абота work
|Set 02| |Сет 02| Nouns Именки |р$аботник, раб$отничка| |worker;employee (male/female)|
|Set 02| |Сет 02| Nouns Именки рестор$ан restaurant
|Set 02| |Сет 02| Nouns Именки |р$однина (м, ж)| relative
|Set 02| |Сет 02| Nouns Именки с$ело village
|Set 02| |Сет 02| Nouns Именки с$ендвич sandwich
|Set 02| |Сет 02| Nouns Именки сл$ика |picture; photo|
|Set 02| |Сет 02| Nouns Именки с$оба room
|Set 02| |Сет 02| Nouns Именки сок juice
|Set 02| |Сет 02| Nouns Именки стан apartment
|Set 02| |Сет 02| Nouns Именки т$еат_ар theatre
|Set 02| |Сет 02| Nouns Именки $улица street
|Set 02| |Сет 02| Nouns Именки $утро morning
|Set 02| |Сет 02| Nouns Именки x$амбургер hamburger
|Set 02| |Сет 02| Nouns Именки х$отел hotel
|Set 02| |Сет 02| Nouns Именки чај tea
|Set 02| |Сет 02| Nouns Именки ч$ичко uncle
|Set 02| |Сет 02| Nouns Именки |ч$овек (мн. луѓе)| |person (pl. people)|
|Set 02| |Сет 02| Adjectives Придавки $англиски English
|Set 02| |Сет 02| Adjectives Придавки в$исок tall
|Set 02| |Сет 02| Adjectives Придавки вк$ус_ен tasty
|Set 02| |Сет 02| Adjectives Придавки д$об_ар good
|Set 02| |Сет 02| Adjectives Придавки гл$ад_ен hungry
|Set 02| |Сет 02| Adjectives Придавки г$олем large
|Set 02| |Сет 02| Adjectives Придавки $ед_ен one
|Set 02| |Сет 02| Adjectives Придавки инт$ерес_ен interesting
|Set 02| |Сет 02| Adjectives Придавки к$анадски Canadian
|Set 02| |Сет 02| Adjectives Придавки |кој, к$оја, кое, кои| which
|Set 02| |Сет 02| Adjectives Придавки мак$едонски Macedonian
|Set 02| |Сет 02| Adjectives Придавки мал small
|Set 02| |Сет 02| Adjectives Придавки млад young
|Set 02| |Сет 02| Adjectives Придавки |н$из_ок (н$иска)| |low; short|
|Set 02| |Сет 02| Adjectives Придавки нов new
|Set 02| |Сет 02| Adjectives Придавки с$ил_ен strong
|Set 02| |Сет 02| Adjectives Придавки |сл$ад_ок (сл$атка)| sweet
|Set 02| |Сет 02| Adjectives Придавки стар old
|Set 02| |Сет 02| Adjectives Придавки $убав pretty
|Set 02| |Сет 02| Adjectives Придавки $умор_ен tired
|Set 02| |Сет 02| Verbs Глаголи гл$еда |look at; see, watch|
|Set 02| |Сет 02| Verbs Глаголи ж$ивее live
|Set 02| |Сет 02| Verbs Глаголи зб$орува talk
|Set 02| |Сет 02| Verbs Глаголи |зн$ае (јас знам)| |know (I know)|
|Set 02| |Сет 02| Verbs Глаголи $има/н$ема |have/don’t have; there is/there isn’t|
|Set 02| |Сет 02| Verbs Глаголи ј$аде eat
|Set 02| |Сет 02| Verbs Глаголи $оди go
|Set 02| |Сет 02| Verbs Глаголи п$ие drink
|Set 02| |Сет 02| Verbs Глаголи п$ишува write
|Set 02| |Сет 02| Verbs Глаголи пр$ави |make, do|
|Set 02| |Сет 02| Verbs Глаголи р$аботи work
|Set 02| |Сет 02| Verbs Глаголи с$еди sit
|Set 02| |Сет 02| Verbs Глаголи ст$ои stand
|Set 02| |Сет 02| Verbs Глаголи студ$ира study
|Set 02| |Сет 02| Verbs Глаголи ч$ита read
|Set 02| |Сет 02| Adverbs Прилози д$енес/д$енеска today
|Set 02| |Сет 02| Adverbs Прилози к$олку |how much/how many|
|Set 02| |Сет 02| Adverbs Прилози $овде here
|Set 02| |Сет 02| Adverbs Прилози с$ега now
|Set 02| |Сет 02| Adverbs Прилози т$огаш then
|Set 02| |Сет 02| Prepositions Предлози на on
|Set 02| |Сет 02| Prepositions Предлози од by
|Set 02| |Сет 02| Prepositions Предлози со with
|Set 02| |Сет 02| Conjunction Сврзник но but
|Set 02| |Сет 02| Pronouns Заменки ѝ |her [short form pronoun]|
|Set 02| |Сет 02| Pronouns Заменки му |him [short form pronoun]|
|Set 02| |Сет 02| Pronouns Заменки н$ешто something
|Set 02| |Сет 02| Pronouns Заменки н$ишто nothing
|Set 02| |Сет 02| Expressions Изрази |К$олку г$одини $има... ?| |How old is...?|
|Set 02| |Сет 02| Expressions Изрази |Тој $има д$есет г$одини.| |He is ten years old.|
|Set 02| |Сет 02| Expressions Изрази |Со к$ого зб$орува?| |With whom is he/she speaking?|
|Set 02| |Сет 02| Numbers Броеви н$ула zero
|Set 02| |Сет 02| Numbers Броеви |$еден, $една, $едно; $едни| |one; some, several|
|Set 02| |Сет 02| Numbers Броеви |два, две| two
|Set 02| |Сет 02| Numbers Броеви три three
|Set 02| |Сет 02| Numbers Броеви ч$етири four
|Set 02| |Сет 02| Numbers Броеви пет five
|Set 02| |Сет 02| Numbers Броеви шест six
|Set 02| |Сет 02| Numbers Броеви с$едум seven
|Set 02| |Сет 02| Numbers Броеви $осум eight
|Set 02| |Сет 02| Numbers Броеви д$евет nine
|Set 02| |Сет 02| Numbers Броеви д$есет ten
|Set 02| |Сет 02| Numbers Броеви един$аесет eleven
|Set 02| |Сет 02| Numbers Броеви дван$аесет twelve
|Set 02| |Сет 02| Numbers Броеви трин$аесет thirteen
|Set 02| |Сет 02| Numbers Броеви четирин$аесет fourteen
|Set 02| |Сет 02| Numbers Броеви петн$аесет fifteen
|Set 02| |Сет 02| Numbers Броеви шесн$аесет sixteen
|Set 02| |Сет 02| Numbers Броеви седумн$аесет seventeen
|Set 02| |Сет 02| Numbers Броеви осумн$аесет eighteen
|Set 02| |Сет 02| Numbers Броеви деветн$аесет nineteen
|Set 02| |Сет 02| Numbers Броеви дв$аесет twenty
|Set 03| |Сет 03| Nouns Именки $автобус bus
|Set 03| |Сет 03| Nouns Именки ал$ергија allergy
|Set 03| |Сет 03| Nouns Именки б$урек |burek (meat or cheese filled pastry)|
|Set 03| |Сет 03| Nouns Именки в$икенд weekend
|Set 03| |Сет 03| Nouns Именки воз train
|Set 03| |Сет 03| Nouns Именки вр$еме |time; weather|
|Set 03| |Сет 03| Nouns Именки геогр$афија geography
|Set 03| |Сет 03| Nouns Именки ден day
|Set 03| |Сет 03| Nouns Именки дом home
|Set 03| |Сет 03| Nouns Именки |д$омашно мил$ениче| |house pet|
|Set 03| |Сет 03| Nouns Именки з$има winter
|Set 03| |Сет 03| Nouns Именки ист$орија history
|Set 03| |Сет 03| Nouns Именки ист$оричар historian
|Set 03| |Сет 03| Nouns Именки к$афанче café
|Set 03| |Сет 03| Nouns Именки каф$еана |café, pub, bar|
|Set 03| |Сет 03| Nouns Именки книж$арница bookstore
|Set 03| |Сет 03| Nouns Именки к$ола car
|Set 03| |Сет 03| Nouns Именки |кол$ега (м.), кол$ешка| |colleague, coworker, classmate|
|Set 03| |Сет 03| Nouns Именки компј$утер computer
|Set 03| |Сет 03| Nouns Именки к$уче dog
|Set 03| |Сет 03| Nouns Именки л$ето summer
|Set 03| |Сет 03| Nouns Именки м$ама mom
|Set 03| |Сет 03| Nouns Именки м$аса table
|Set 03| |Сет 03| Nouns Именки матем$атика mathematics
|Set 03| |Сет 03| Nouns Именки м$ачка cat
|Set 03| |Сет 03| Nouns Именки |н$ога (мн. н$озе)| |foot, leg|
|Set 03| |Сет 03| Nouns Именки п$исмо letter
|Set 03| |Сет 03| Nouns Именки п$оздрав greeting
|Set 03| |Сет 03| Nouns Именки порака |message; email|
|Set 03| |Сет 03| Nouns Именки пр$ијател/приј$ателка |friend (male/female)|
|Set 03| |Сет 03| Nouns Именки |р$ака (мн. р$аце)| |hand, arm|
|Set 03| |Сет 03| Nouns Именки р$одител parent
|Set 03| |Сет 03| Nouns Именки р$оман novel
|Set 03| |Сет 03| Nouns Именки син son
|Set 03| |Сет 03| Nouns Именки специјалит$ет specialty
|Set 03| |Сет 03| Nouns Именки стр$анец foreigner
|Set 03| |Сет 03| Nouns Именки |т$акси (с)| taxi
|Set 03| |Сет 03| Nouns Именки т$ато dad
|Set 03| |Сет 03| Nouns Именки т$етка aunt
|Set 03| |Сет 03| Nouns Именки тур$ист tourist
|Set 03| |Сет 03| Nouns Именки т$уршија |pickled foods; preserves|
|Set 03| |Сет 03| Nouns Именки ќ$ерка daughter
|Set 03| |Сет 03| Nouns Именки $учебник textbook
|Set 03| |Сет 03| Nouns Именки уч$илиште school
|Set 03| |Сет 03| Nouns Именки |Факулт$ет за туризам| |faculty of tourism|
|Set 03| |Сет 03| Nouns Именки цент$ар |center; downtown|
|Set 03| |Сет 03| Adjectives Придавки драг dear
|Set 03| |Сет 03| Adjectives Придавки здрав healthy
|Set 03| |Сет 03| Adjectives Придавки к$аков |what kind of?|
|Set 03| |Сет 03| Adjectives Придавки |кој, кое, која, кои?| which
|Set 03| |Сет 03| Adjectives Придавки |н$екој, н$екое, н$екоја, не$кои| |some sort, a certain...|
|Set 03| |Сет 03| Adjectives Придавки $овоj this
|Set 03| |Сет 03| Adjectives Придавки $оноj that
|Set 03| |Сет 03| Adjectives Придавки пр$иjатен pleasant
|Set 03| |Сет 03| Adjectives Придавки тоj that
|Set 03| |Сет 03| Verbs Глаголи б$ара |look for; seek|
|Set 03| |Сет 03| Verbs Глаголи д$оаѓа |come, arrive|
|Set 03| |Сет 03| Verbs Глаголи к$упува buy
|Set 03| |Сет 03| Verbs Глаголи м$исли think
|Set 03| |Сет 03| Verbs Глаголи |пр$ашува (к$ого)| |ask (someone)|
|Set 03| |Сет 03| Verbs Глаголи разг$овара converse
|Set 03| |Сет 03| Verbs Глаголи с$ака |want; love, like|
|Set 03| |Сет 03| Verbs Глаголи сл$уша |hear, listen to|
|Set 03| |Сет 03| Pronouns Заменки вас |object form of ‘you’ (plural and formal); see below|
|Set 03| |Сет 03| Pronouns Заменки |го, ја, ги| |direct object clitics: him, her, them|
|Set 03| |Сет 03| Pronouns Заменки к$ого whom
|Set 03| |Сет 03| Pronouns Заменки сè everything
|Set 03| |Сет 03| Adverbs Прилози бли$ску nearby
|Set 03| |Сет 03| Adverbs Прилози брзо quickly
|Set 03| |Сет 03| Adverbs Прилози в$еќе already
|Set 03| |Сет 03| Adverbs Прилози д$ома |at home, homeward|
|Set 03| |Сет 03| Adverbs Прилози з$ошто why
|Set 03| |Сет 03| Adverbs Прилози м$алку |little, few|
|Set 03| |Сет 03| Adverbs Прилози мн$огу |many, much; very|
|Set 03| |Сет 03| Adverbs Прилози н$авистина |really, truly, indeed (expresses confirmation)|
|Set 03| |Сет 03| Adverbs Прилози н$адвор outside
|Set 03| |Сет 03| Adverbs Прилози н$еколку several
|Set 03| |Сет 03| Adverbs Прилози $обично usually
|Set 03| |Сет 03| Adverbs Прилози |пеш, п$ешки| |on foot|
|Set 03| |Сет 03| Adverbs Прилози пон$екогаш sometimes
|Set 03| |Сет 03| Adverbs Прилози с$амо only
|Set 03| |Сет 03| Adverbs Прилози с$екогаш always
|Set 03| |Сет 03| Adverbs Прилози срд$ечно sincerely
|Set 03| |Сет 03| Adverbs Прилози т$аму there
|Set 03| |Сет 03| Adverbs Прилози ч$есто often
|Set 03| |Сет 03| Prepositions Предлози до |by, up to, beside|
|Set 03| |Сет 03| Prepositions Предлози за for
|Set 03| |Сет 03| Prepositions Предлози на |of, about; in, to, on, at|
|Set 03| |Сет 03| Prepositions Предлози од |from, by|
|Set 03| |Сет 03| Prepositions Предлози по |about; along|
|Set 03| |Сет 03| Prepositions Предлози со |with, by|
|Set 03| |Сет 03| Conjunctions Сврзници $ама but
|Set 03| |Сет 03| Conjunctions Сврзници |з$атоа што| because
|Set 03| |Сет 03| Conjunctions Сврзници и |and; also|
|Set 03| |Сет 03| Conjunctions Сврзници но but
|Set 03| |Сет 03| Expressions Изрази |во ц$ентар| downtown
|Set 03| |Сет 03| Expressions Изрази |$еве (го, ја, ги)!| |here [he/she/they] is/are!|
|Set 03| |Сет 03| Expressions Изрази |И да ти к$ажам| |I should tell you; let me tell you|
|Set 03| |Сет 03| Expressions Изрази |н$ема пр$облем| |no problem|
|Set 03| |Сет 03| Expressions Изрази |$Одам на р$абота п$еш(ки).| |I walk/go to work on foot.|
|Set 03| |Сет 03| Expressions Изрази |сѐ е во ред| |everything is okay (lit., everything is in order).|
|Set 03| |Сет 03| Expressions Изрази |си $оди| |leave, depart|
|Set 03| |Сет 03| Expressions Изрази |Ф$ала мн$огу!| |Thanks a lot!|
|Set 03| |Сет 03| Expressions Изрази |Што $има н$ово?| |What’s new?|
|Set 04| |Сет 04| Nouns Именки $агол corner
|Set 04| |Сет 04| Nouns Именки б$аклава |baklava (phyllo and nut pastry)|
|Set 04| |Сет 04| Nouns Именки бан$ана banana
|Set 04| |Сет 04| Nouns Именки в$ечера |dinner; supper; evening meal|
|Set 04| |Сет 04| Nouns Именки в$ино wine
|Set 04| |Сет 04| Nouns Именки в$ода water
|Set 04| |Сет 04| Nouns Именки |г$остин/гост$инка (мн. г$ости)| |guest (male/female/plural)|
|Set 04| |Сет 04| Nouns Именки д$есерт dessert
|Set 04| |Сет 04| Nouns Именки п$ортокал orange
|Set 04| |Сет 04| Nouns Именки пр$аска peach
|Set 04| |Сет 04| Nouns Именки предј$адење appetizers
|Set 04| |Сет 04| Nouns Именки пр$облем problem
|Set 04| |Сет 04| Nouns Именки п$утер butter
|Set 04| |Сет 04| Nouns Именки р$иба fish
|Set 04| |Сет 04| Nouns Именки р$оза rose
|Set 04| |Сет 04| Nouns Именки р$учек lunch
|Set 04| |Сет 04| Nouns Именки с$алата salad
|Set 04| |Сет 04| Nouns Именки с$емафор |traffic light|
|Set 04| |Сет 04| Nouns Именки с$емејство family
|Set 04| |Сет 04| Nouns Именки с$ирење cheese
|Set 04| |Сет 04| Nouns Именки ск$ара |grilled meat|
|Set 04| |Сет 04| Nouns Именки сл$адолед |ice cream|
|Set 04| |Сет 04| Nouns Именки |сол (ж)| salt
|Set 04| |Сет 04| Nouns Именки сп$анаќ spinach
|Set 04| |Сет 04| Nouns Именки спис$ание magazine
|Set 04| |Сет 04| Nouns Именки с$упа soup
|Set 04| |Сет 04| Nouns Именки |т$авче гр$авче| |baked bean casserole|
|Set 04| |Сет 04| Nouns Именки телеф$он telephone
|Set 04| |Сет 04| Nouns Именки т$орта cake
|Set 04| |Сет 04| Nouns Именки |т$урско к$афе| |Turkish coffee|
|Set 04| |Сет 04| Nouns Именки д$омат tomato
|Set 04| |Сет 04| Nouns Именки жит$арици cereal
|Set 04| |Сет 04| Nouns Именки з$еленчук vegetables
|Set 04| |Сет 04| Nouns Именки ид$еја idea
|Set 04| |Сет 04| Nouns Именки ј$аболко apple
|Set 04| |Сет 04| Nouns Именки ј$адење food
|Set 04| |Сет 04| Nouns Именки ј$ајце egg
|Set 04| |Сет 04| Nouns Именки ј$огурт |liquid, drinkable yogurt|
|Set 04| |Сет 04| Nouns Именки |к$исела в$ода| |mineral water|
|Set 04| |Сет 04| Nouns Именки |к$исело мл$еко| yogurt
|Set 04| |Сет 04| Nouns Именки |к$исела з$елка| |pickled cabbage|
|Set 04| |Сет 04| Nouns Именки к$омпир potato
|Set 04| |Сет 04| Nouns Именки краст$авица cucumber
|Set 04| |Сет 04| Nouns Именки кр$омид onion
|Set 04| |Сет 04| Nouns Именки л$имон lemon
|Set 04| |Сет 04| Nouns Именки л$ук garlic
|Set 04| |Сет 04| Nouns Именки м$анџа |type of stew|
|Set 04| |Сет 04| Nouns Именки м$ед honey
|Set 04| |Сет 04| Nouns Именки м$есо meat
|Set 04| |Сет 04| Nouns Именки мин$имаркет |convenience store|
|Set 04| |Сет 04| Nouns Именки мл$еко milk
|Set 04| |Сет 04| Nouns Именки |$овош_ен сок| |fruit juice|
|Set 04| |Сет 04| Nouns Именки $овошје fruit
|Set 04| |Сет 04| Nouns Именки п$атлиџан tomato
|Set 04| |Сет 04| Nouns Именки п$ејач/п$еjачка |singer (male/female)|
|Set 04| |Сет 04| Nouns Именки п$ечурка mushroom
|Set 04| |Сет 04| Nouns Именки п$иење drink
|Set 04| |Сет 04| Nouns Именки |п$ипер (црн)| |pepper (black)|
|Set 04| |Сет 04| Nouns Именки п$иперка pepper
|Set 04| |Сет 04| Nouns Именки п$ита |meat or cheese filled pastry similar to burek|
|Set 04| |Сет 04| Nouns Именки плеск$авица |spiced ground meat patty, similar to hamburger|
|Set 04| |Сет 04| Nouns Именки п$ојадок breakfast
|Set 04| |Сет 04| Nouns Именки ќ$ебапче |grilled ground beef in sausage shape|
|Set 04| |Сет 04| Nouns Именки ќ$оше corner
|Set 04| |Сет 04| Nouns Именки филм movie
|Set 04| |Сет 04| Nouns Именки фр$ижидер refrigerator
|Set 04| |Сет 04| Nouns Именки хр$ана food
|Set 04| |Сет 04| Nouns Именки цв$еќе flowers
|Set 04| |Сет 04| Nouns Именки чокол$ада chocolate
|Set 04| |Сет 04| Nouns Именки ч$орба |thick soup; chowder|
|Set 04| |Сет 04| Nouns Именки ш$еќер sugar
|Set 04| |Сет 04| Nouns Именки |ш$опска с$алата| |chopped vegetable salad|
|Set 04| |Сет 04| Nouns Именки шпаг$ети spaghetti
|Set 04| |Сет 04| Adjectives Придавки бел white
|Set 04| |Сет 04| Adjectives Придавки благ sweet
|Set 04| |Сет 04| Adjectives Придавки |г$орко, г$орчлив| bitter
|Set 04| |Сет 04| Adjectives Придавки д$омаш_ен |domestic; homemade; of the home|
|Set 04| |Сет 04| Adjectives Придавки друг other
|Set 04| |Сет 04| Adjectives Придавки к$исел sour
|Set 04| |Сет 04| Adjectives Придавки лут |spicy; angry|
|Set 04| |Сет 04| Adjectives Придавки м$ешaн mixed
|Set 04| |Сет 04| Adjectives Придавки н$ормал_ен normal
|Set 04| |Сет 04| Adjectives Придавки $омилен favorite
|Set 04| |Сет 04| Adjectives Придавки п$ечен roasted
|Set 04| |Сет 04| Adjectives Придавки п$илешки chicken
|Set 04| |Сет 04| Adjectives Придавки п$олнет |stuffed; filled|
|Set 04| |Сет 04| Adjectives Придавки пр$екрас_ен |magnificent; gorgeous|
|Set 04| |Сет 04| Adjectives Придавки пржен fried
|Set 04| |Сет 04| Adjectives Придавки специј$ал_ен special
|Set 04| |Сет 04| Adjectives Придавки сред_ен |average; middle|
|Set 04| |Сет 04| Adjectives Придавки т$азе fresh
|Set 04| |Сет 04| Adjectives Придавки т$урски Turkish
|Set 04| |Сет 04| Adjectives Придавки црвен red
|Set 04| |Сет 04| Adjectives Придавки црн black
|Set 04| |Сет 04| Verbs Глаголи в$ели say
|Set 04| |Сет 04| Verbs Глаголи в$ечера |eat dinner|
|Set 04| |Сет 04| Verbs Глаголи м$оже |can; be able; may|
|Set 04| |Сет 04| Verbs Глаголи м$ора |must; have to|
|Set 04| |Сет 04| Verbs Глаголи р$уча |eat lunch|
|Set 04| |Сет 04| Verbs Глаголи телефон$ира phone
|Set 04| |Сет 04| Verbs Глаголи ч$ини |cost; be worth|
|Set 04| |Сет 04| Verbs Глаголи |К$олку ч$ини? К$олку ч$инат?| |How much does it cost?|
|Set 04| |Сет 04| Prepositions Предлози без without
|Set 04| |Сет 04| Prepositions Предлози кај |by; at someone’s place|
|Set 04| |Сет 04| Prepositions Предлози к$арши opposite
|Set 04| |Сет 04| Prepositions Предлози м$еѓу between
|Set 04| |Сет 04| Prepositions Предлози пр$ед |before, in front of|
|Set 04| |Сет 04| Prepositions Предлози спр$оти opposite
|Set 04| |Сет 04| Adverbs Прилози н$икогаш never
|Set 04| |Сет 04| Adverbs Прилози $одлично excellent
|Set 04| |Сет 04| Adverbs Прилози прво |firstly, first of all|
|Set 04| |Сет 04| Adverbs Прилози с$екако |indeed; by all means|
|Set 04| |Сет 04| Adverbs Прилози с$игурно surely
|Set 04| |Сет 04| Pronouns Заменки |вас, ве| |you (pl. and polite) (dir. obj. long, and clitic)|
|Set 04| |Сет 04| Pronouns Заменки |мене, ме| |me (dir. obj. long, and clitic)|
|Set 04| |Сет 04| Pronouns Заменки |нас, нѐ| |us (dir. obj. long, and clitic)|
|Set 04| |Сет 04| Pronouns Заменки |неа, ја| |her (dir. obj. long, and clitic)|
|Set 04| |Сет 04| Pronouns Заменки |него, го| |him (dir. obj. , and clitic)|
|Set 04| |Сет 04| Pronouns Заменки |нив, ги| |they (dir. obt. , and clitic)|
|Set 04| |Сет 04| Pronouns Заменки н$икој |no one|
|Set 04| |Сет 04| Pronouns Заменки |тебе, те| |you (sg. dir. obj. long, and clitic)|
|Set 04| |Сет 04| Conjunctions Сврзници |и... и| |both... and|
|Set 04| |Сет 04| Conjunctions Сврзници |или... или| |either... or|
|Set 04| |Сет 04| Conjunctions Сврзници |ни... ни| |neither... nor|
|Set 04| |Сет 04| Expressions Изрази в$ажи |fine, ok, agreed|
|Set 04| |Сет 04| Expressions Изрази |Да в$идам.| |Let me see.|
|Set 04| |Сет 04| Expressions Изрази |$еве, $ене, $ете (го, ја)| |here [he/she] is!, there [he/she] is!|
|Set 04| |Сет 04| Expressions Изрази |$извини, изв$инете| |excuse me|
|Set 04| |Сет 04| Expressions Изрази |на г$ости| |be a guest, go visiting|
|Set 04| |Сет 04| Expressions Изрази н$ели |tag question asking for confirmation|
|Set 04| |Сет 04| Expressions Изрази |Од к$аде зн$аеш/зн$аете?| |How do you know?|
|Set 04| |Сет 04| Expressions Изрази |П$овели, пов$елете| |please; you’re welcome; help yourself|
|Set 04| |Сет 04| Expressions Изрази |се р$азбира| |of course; it’s understood|
|Set 05| |Сет 05| Nouns Именки Б$алкан |The Balkans, the Balkan peninsula|
|Set 05| |Сет 05| Nouns Именки ви$ола viola
|Set 05| |Сет 05| Nouns Именки виол$ина violin
|Set 05| |Сет 05| Nouns Именки виол$ончело cello
|Set 05| |Сет 05| Nouns Именки г$ајда |gajda (bagpipe)|
|Set 05| |Сет 05| Nouns Именки г$итара guitar
|Set 05| |Сет 05| Nouns Именки др$угар/др$угарка friend
|Set 05| |Сет 05| Nouns Именки $евро euro
|Set 05| |Сет 05| Nouns Именки з$абава entertainment
|Set 05| |Сет 05| Nouns Именки з$урла |zurla (doublereed instrument)|
|Set 05| |Сет 05| Nouns Именки $избор choice
|Set 05| |Сет 05| Nouns Именки инструм$ент instrument
|Set 05| |Сет 05| Nouns Именки $интернет internet
|Set 05| |Сет 05| Nouns Именки к$авал |kaval (endblown flute)|
|Set 05| |Сет 05| Nouns Именки |к$антри м$узика| |country music|
|Set 05| |Сет 05| Nouns Именки кл$авир piano
|Set 05| |Сет 05| Nouns Именки кларин$ет clarinet
|Set 05| |Сет 05| Nouns Именки к$онцерт concert
|Set 05| |Сет 05| Nouns Именки м$есто place
|Set 05| |Сет 05| Nouns Именки м$узика music
|Set 05| |Сет 05| Nouns Именки н$акит jewelry
|Set 05| |Сет 05| Nouns Именки н$едела |week; Sunday|
|Set 05| |Сет 05| Nouns Именки об$оа oboe
|Set 05| |Сет 05| Nouns Именки $опера opera
|Set 05| |Сет 05| Nouns Именки $оро dance
|Set 05| |Сет 05| Nouns Именки п$азар market
|Set 05| |Сет 05| Nouns Именки |п$ари (мн)| money
|Set 05| |Сет 05| Nouns Именки п$есна |song; poem|
|Set 05| |Сет 05| Nouns Именки пиј$ано piano
|Set 05| |Сет 05| Nouns Именки |поп м$узика| |pop music|
|Set 05| |Сет 05| Nouns Именки |п$ошта (на)| |post office|
|Set 05| |Сет 05| Nouns Именки пр$азник holiday
|Set 05| |Сет 05| Nouns Именки |рoк м$узика| |rock music|
|Set 05| |Сет 05| Nouns Именки с$аат |watch; hour|
|Set 05| |Сет 05| Nouns Именки саксоф$он saxophone
|Set 05| |Сет 05| Nouns Именки св$ирач |instrumentalist, musician|
|Set 05| |Сет 05| Nouns Именки стил style
|Set 05| |Сет 05| Nouns Именки т$амбура |tambura (stringed instrument)|
|Set 05| |Сет 05| Nouns Именки т$апан |tapan (large drum)|
|Set 05| |Сет 05| Nouns Именки |тек, во т$екот на| |course, in the course of|
|Set 05| |Сет 05| Nouns Именки |трг$овски ц$ентар| |shopping center, mall|
|Set 05| |Сет 05| Nouns Именки тромб$он trombone
|Set 05| |Сет 05| Nouns Именки тр$уба trumpet
|Set 05| |Сет 05| Nouns Именки |уч$есник (во н$ешто)| participant
|Set 05| |Сет 05| Nouns Именки фестив$ал festival
|Set 05| |Сет 05| Nouns Именки филхарм$онија philharmonic
|Set 05| |Сет 05| Nouns Именки фл$ејта flute
|Set 05| |Сет 05| Nouns Именки ф$олклор_ен |folklore; folkloristic|
|Set 05| |Сет 05| Nouns Именки фотоапар$ат camera
|Set 05| |Сет 05| Nouns Именки харм$оника accordion
|Set 05| |Сет 05| Nouns Именки џез jazz
|Set 05| |Сет 05| Adjectives Придавки гл$ас_ен |loud, noisy; aloud|
|Set 05| |Сет 05| Adjectives Придавки $ид_ен |future, next|
|Set 05| |Сет 05| Adjectives Придавки кл$асич_ен classical
|Set 05| |Сет 05| Adjectives Придавки музички |music, musical|
|Set 05| |Сет 05| Adjectives Придавки н$арод_ен |folk; national|
|Set 05| |Сет 05| Adjectives Придавки $одлич_ен excellent
|Set 05| |Сет 05| Adjectives Придавки р$аз_ен |various, different|
|Set 05| |Сет 05| Adjectives Придавки с$екак_ов |all sorts of|
|Set 05| |Сет 05| Adjectives Придавки с$игур_ен |certain, sure, assured|
|Set 05| |Сет 05| Adjectives Придавки сл$ед_ен |following, next|
|Set 05| |Сет 05| Adjectives Придавки сл$ич_ен similar
|Set 05| |Сет 05| Adjectives Придавки с$овремен contemporary
|Set 05| |Сет 05| Adjectives Придавки сп$ортски sport
|Set 05| |Сет 05| Adjectives Придавки традицион$ал_ен traditional
|Set 05| |Сет 05| Verbs Глаголи в$ели/р$ече say
|Set 05| |Сет 05| Verbs Глаголи гл$еда/в$иди see
|Set 05| |Сет 05| Verbs Глаголи д$ава/д$аде give
|Set 05| |Сет 05| Verbs Глаголи д$оаѓа/д$ојде come
|Set 05| |Сет 05| Verbs Глаголи $игра/за$игра |dance; play/begin to dance; play|
|Set 05| |Сет 05| Verbs Глаголи $испраќа/$испрати send
|Set 05| |Сет 05| Verbs Глаголи ј$аде/из$еде eat
|Set 05| |Сет 05| Verbs Глаголи к$ажува/к$аже tell
|Set 05| |Сет 05| Verbs Глаголи к$упува/к$упи buy
|Set 05| |Сет 05| Verbs Глаголи м$исли/п$омисли think
|Set 05| |Сет 05| Verbs Глаголи |н$оси; дон$есува/д$онесе| bring
|Set 05| |Сет 05| Verbs Глаголи $оди/$отиде go
|Set 05| |Сет 05| Verbs Глаголи |се $одмора/се $одмори| |various, different|
|Set 05| |Сет 05| Verbs Глаголи п$ее/з$апее |sing/begin to sing|
|Set 05| |Сет 05| Verbs Глаголи п$ие/$испие |drink/drink up|
|Set 05| |Сет 05| Verbs Глаголи п$ишува/$апише write
|Set 05| |Сет 05| Verbs Глаголи пок$ажува/п$окаже show
|Set 05| |Сет 05| Verbs Глаголи пр$ави/н$аправи |do, make|
|Set 05| |Сет 05| Verbs Глаголи |св$ири/з$асвири (на)| |play/start to play an instrument|
|Set 05| |Сет 05| Verbs Глаголи с$еди/п$оседи |sit/sit for awhile|
|Set 05| |Сет 05| Verbs Глаголи с$еднува/с$едне |sit down|
|Set 05| |Сет 05| Verbs Глаголи |сл$уша/сл$ушне, ч$уе| listen
|Set 05| |Сет 05| Verbs Глаголи сум/б$иде be
|Set 05| |Сет 05| Verbs Глаголи уч$ествува |participate; take part|
|Set 05| |Сет 05| Verbs Глаголи учи/н$аучи study/learn
|Set 05| |Сет 05| Verbs Глаголи ч$ита/пр$очита read
|Set 05| |Сет 05| Pronouns Заменки |к$ому, му| |to whom|
|Set 05| |Сет 05| Pronouns Заменки |м$ене, ми| me
|Set 05| |Сет 05| Pronouns Заменки |н$ему, му| |him, to it|
|Set 05| |Сет 05| Pronouns Заменки |н$ејзе, ѝ| her
|Set 05| |Сет 05| Pronouns Заменки |нам, ни| us
|Set 05| |Сет 05| Pronouns Заменки |вам, ви| |to you (plural/formal)|
|Set 05| |Сет 05| Pronouns Заменки |ним, им| them
|Set 05| |Сет 05| Pronouns Заменки сѐ everything
|Set 05| |Сет 05| Pronouns Заменки |с$ебе (си), си| |to oneself (reflexive)|
|Set 05| |Сет 05| Pronouns Заменки с$ите everyone
|Set 05| |Сет 05| Pronouns Заменки |т$ебе, ти| |to you (singular)|
|Set 05| |Сет 05| Adverbs Прилози з$аедно together
|Set 05| |Сет 05| Adverbs Прилози пак again
|Set 05| |Сет 05| Adverbs Прилози п$овеќе |more, greater; a number of|
|Set 05| |Сет 05| Adverbs Прилози п$одобро better
|Set 05| |Сет 05| Adverbs Прилози п$осле afterwards
|Set 05| |Сет 05| Adverbs Прилози п$отоа later
|Set 05| |Сет 05| Adverbs Прилози п$очесто |more often; frequently|
|Set 05| |Сет 05| Adverbs Прилози с$екаде everywhere
|Set 05| |Сет 05| Adverbs Прилози |с$упер (invariant)| |super; excellent|
|Set 05| |Сет 05| Adverbs Прилози т$ака |so; like so; thus|
|Set 05| |Сет 05| Conjunctions Сврзници д$ека that
|Set 05| |Сет 05| Conjunctions Сврзници м$еѓутоа however
|Set 05| |Сет 05| Conjunctions Сврзници |т$уку и| |but also; and even|
|Set 05| |Сет 05| |Other words| |Други зборови| $ајде |come on!|
|Set 05| |Сет 05| |Other words| |Други зборови| ќе |future/modal particle|
|Set 06| |Сет 06| Nouns Именки |авт$обуска п$остојка| |bus stop|
|Set 06| |Сет 06| Nouns Именки |$Албанец, $Албанка (мн. $Албанци)| Albanian
|Set 06| |Сет 06| Nouns Именки $амам |Turkish bath|
|Set 06| |Сет 06| Nouns Именки б$ања bath
|Set 06| |Сет 06| Nouns Именки |Бит пазар| |market (flea market)|
|Set 06| |Сет 06| Nouns Именки бл$изина |vicinity, proximity, neighborhood|
|Set 06| |Сет 06| Nouns Именки бл$уза blouse
|Set 06| |Сет 06| Nouns Именки б$оја color
|Set 06| |Сет 06| Nouns Именки булев$ар boulevard
|Set 06| |Сет 06| Nouns Именки б$утик boutique
|Set 06| |Сет 06| Nouns Именки вел$осипед bicycle
|Set 06| |Сет 06| Nouns Именки в$ести news
|Set 06| |Сет 06| Nouns Именки |Влав, Вл$аинка (мн. Вл$аси)| Vlah
|Set 06| |Сет 06| Nouns Именки влез entrance
|Set 06| |Сет 06| Nouns Именки в$одич guide
|Set 06| |Сет 06| Nouns Именки гал$ерија gallery
|Set 06| |Сет 06| Nouns Именки |гл$авен град| capital
|Set 06| |Сет 06| Nouns Именки гроб |grave, tomb|
|Set 06| |Сет 06| Nouns Именки двор courtyard
|Set 06| |Сет 06| Nouns Именки дел |part; region|
|Set 06| |Сет 06| Nouns Именки д$енар |denar (Macedonian currency)|
|Set 06| |Сет 06| Nouns Именки диск$отека |discoteque, club|
|Set 06| |Сет 06| Nouns Именки др$ама drama
|Set 06| |Сет 06| Nouns Именки дрво |wood; tree|
|Set 06| |Сет 06| Nouns Именки $езеро lake
|Set 06| |Сет 06| Nouns Именки ем$исија broadcast
|Set 06| |Сет 06| Nouns Именки ж$ивот life
|Set 06| |Сет 06| Nouns Именки зел$енило greenery
|Set 06| |Сет 06| Nouns Именки |$игран филм| |live action movie|
|Set 06| |Сет 06| Nouns Именки $изложба exhibit
|Set 06| |Сет 06| Nouns Именки иконост$ас |iconostasis (wall of icons in an Orthodox church)|
|Set 06| |Сет 06| Nouns Именки ј$азик |language, tongue|
|Set 06| |Сет 06| Nouns Именки к$але |fortress, citadel|
|Set 06| |Сет 06| Nouns Именки к$артичка |credit card|
|Set 06| |Сет 06| Nouns Именки |кеј (мн. к$ејови)| quay
|Set 06| |Сет 06| Nouns Именки |к$ило, к$илограм| |kilo, kilogram|
|Set 06| |Сет 06| Nouns Именки клуб club
|Set 06| |Сет 06| Nouns Именки ком$едија comedy
|Set 06| |Сет 06| Nouns Именки к$ошула shirt
|Set 06| |Сет 06| Nouns Именки |крај (кр$аеви)| |edge; end|
|Set 06| |Сет 06| Nouns Именки кр$уша pear
|Set 06| |Сет 06| Nouns Именки луб$еница watermelon
|Set 06| |Сет 06| Nouns Именки м$ет_ар meter
|Set 06| |Сет 06| Nouns Именки метр$о subway
|Set 06| |Сет 06| Nouns Именки |м$обилен (телеф$он)| |mobile phone|
|Set 06| |Сет 06| Nouns Именки м$ост bridge
|Set 06| |Сет 06| Nouns Именки |н$ародна н$осија| |folk costume/traditional clothing|
|Set 06| |Сет 06| Nouns Именки н$осија costume
|Set 06| |Сет 06| Nouns Именки $облека clothing
|Set 06| |Сет 06| Nouns Именки п$алто |jacket, coat|
|Set 06| |Сет 06| Nouns Именки пант$алони |pants, trousers|
|Set 06| |Сет 06| Nouns Именки плак$ат/плак$атa poster
|Set 06| |Сет 06| Nouns Именки план plan
|Set 06| |Сет 06| Nouns Именки пл$анина mountain
|Set 06| |Сет 06| Nouns Именки п$остер poster
|Set 06| |Сет 06| Nouns Именки п$очеток beginning
|Set 06| |Сет 06| Nouns Именки пр$имер example
|Set 06| |Сет 06| Nouns Именки пр$ограма program
|Set 06| |Сет 06| Nouns Именки р$аскрсница intersection
|Set 06| |Сет 06| Nouns Именки р$ека river
|Set 06| |Сет 06| Nouns Именки реп$ублика republic
|Set 06| |Сет 06| Nouns Именки |Р$ом(ка) (мн. Роми)| |Rom (Gypsy)|
|Set 06| |Сет 06| Nouns Именки |с$ала за к$онцерти| |concert hall|
|Set 06| |Сет 06| Nouns Именки сп$омен-куќа |memorial house|
|Set 06| |Сет 06| Nouns Именки |срб$ин(ка) (мн. срби)| Serb
|Set 06| |Сет 06| Nouns Именки стр$ана side
|Set 06| |Сет 06| Nouns Именки тврд$ина |fortification; fortress|
|Set 06| |Сет 06| Nouns Именки т$очак bicycle
|Set 06| |Сет 06| Nouns Именки тр$илер thriller
|Set 06| |Сет 06| Nouns Именки |Т$урчин(ка) (мн. Т$урци)| Turk
|Set 06| |Сет 06| Nouns Именки ул$ичка |narrow street, alleyway|
|Set 06| |Сет 06| Nouns Именки |ум$етничка гал$ерија| |art gallery|
|Set 06| |Сет 06| Nouns Именки х$ерој hero
|Set 06| |Сет 06| Nouns Именки х$орор |horror (film)|
|Set 06| |Сет 06| Nouns Именки црква church
|Set 06| |Сет 06| Nouns Именки |цртан филм| |animated film|
|Set 06| |Сет 06| Nouns Именки ч$аршија |market place|
|Set 06| |Сет 06| Nouns Именки час hour
|Set 06| |Сет 06| Nouns Именки ч$асовник clock
|Set 06| |Сет 06| Nouns Именки ч$евел shoe
|Set 06| |Сет 06| Nouns Именки џ$амија mosque
|Set 06| |Сет 06| Nouns Именки џ$емпер sweater
|Set 06| |Сет 06| Adjectives Придавки $албански Albanian
|Set 06| |Сет 06| Adjectives Придавки вл$ашки Vlah
|Set 06| |Сет 06| Adjectives Придавки втор second
|Set 06| |Сет 06| Adjectives Придавки гл$ав_ен main
|Set 06| |Сет 06| Adjectives Придавки гр$адски |city, urban|
|Set 06| |Сет 06| Adjectives Придавки д$ес_ен right
|Set 06| |Сет 06| Adjectives Придавки документ$ар_ен documentary
|Set 06| |Сет 06| Adjectives Придавки долг long
|Set 06| |Сет 06| Adjectives Придавки $ефтин inexpensive
|Set 06| |Сет 06| Adjectives Придавки жолт yellow
|Set 06| |Сет 06| Adjectives Придавки з$елен green
|Set 06| |Сет 06| Adjectives Придавки ист same
|Set 06| |Сет 06| Adjectives Придавки к$амен stone
|Set 06| |Сет 06| Adjectives Придавки к$афен/кафе$ав |brown (coffeecolored)|
|Set 06| |Сет 06| Adjectives Придавки к$орис_ен useful
|Set 06| |Сет 06| Adjectives Придавки лев left
|Set 06| |Сет 06| Adjectives Придавки лош bad
|Set 06| |Сет 06| Adjectives Придавки м$одер_ен |modern; fashionable, trendy|
|Set 06| |Сет 06| Adjectives Придавки п$ознат |known; famous|
|Set 06| |Сет 06| Adjectives Придавки прав straight
|Set 06| |Сет 06| Adjectives Придавки прв first
|Set 06| |Сет 06| Adjectives Придавки р$омски Rom
|Set 06| |Сет 06| Adjectives Придавки сив grey
|Set 06| |Сет 06| Adjectives Придавки син blue
|Set 06| |Сет 06| Adjectives Придавки скап expensive
|Set 06| |Сет 06| Adjectives Придавки сл$обод_ен |free; unoccupied|
|Set 06| |Сет 06| Adjectives Придавки спр$отив_ен opposite
|Set 06| |Сет 06| Adjectives Придавки српски Serbian
|Set 06| |Сет 06| Adjectives Придавки |т$еж_ок (т$ешка)| |difficult; heavy|
|Set 06| |Сет 06| Adjectives Придавки т$ес_ен narrow
|Set 06| |Сет 06| Adjectives Придавки т$урски Turkish
|Set 06| |Сет 06| Adjectives Придавки ш$ирок wide
|Set 06| |Сет 06| Verbs Глаголи |се вр$аќа/се вр$ати| return
|Set 06| |Сет 06| Verbs Глаголи з$ема/з$еме take
|Set 06| |Сет 06| Verbs Глаголи зн$ачи |mean, signify|
|Set 06| |Сет 06| Verbs Глаголи изл$егува/$излезе |go out|
|Set 06| |Сет 06| Verbs Глаголи |се изв$инува/се изв$ини| |excuse (oneself)|
|Set 06| |Сет 06| Verbs Глаголи |се ј$авува/се ј$ави (кому)| |call; get in touch; contact|
|Set 06| |Сет 06| Verbs Глаголи |се к$ачува/се к$ачи| |climb up; ascend; get on|
|Set 06| |Сет 06| Verbs Глаголи м$инува/м$ине |pass, go through|
|Set 06| |Сет 06| Verbs Глаголи м$оли/з$амоли |beg, request|
|Set 06| |Сет 06| Verbs Глаголи |Ве м$олам| |I beg you, i.e., please|
|Set 06| |Сет 06| Verbs Глаголи |се н$аоѓа/се н$ајде| |be located|
|Set 06| |Сет 06| Verbs Глаголи н$аоѓа/н$ајде find
|Set 06| |Сет 06| Verbs Глаголи |н$емој! н$емојте!| don’t!
|Set 06| |Сет 06| Verbs Глаголи |н$оси (impf.)| wear
|Set 06| |Сет 06| Verbs Глаголи пл$аќа/пл$ати pay
|Set 06| |Сет 06| Verbs Глаголи пом$инува/п$омине |pass by, pass along|
|Set 06| |Сет 06| Verbs Глаголи пос$етува/п$осети visit
|Set 06| |Сет 06| Verbs Глаголи прем$инува/пр$емине |cross; cross over|
|Set 06| |Сет 06| Verbs Глаголи прод$олжува/пр$одолжи continue
|Set 06| |Сет 06| Verbs Глаголи сврт$ува/сврти turn
|Set 06| |Сет 06| Verbs Глаголи ст$игнува/ст$игне |arrive; get to; reach a destination|
|Set 06| |Сет 06| Verbs Глаголи тр$еба |should; ought to; need to|
|Set 06| |Сет 06| Verbs Глаголи ч$ека/п$очека wait
|Set 06| |Сет 06| Verbs Глаголи ч$ини |cost, be worth|
|Set 06| |Сет 06| Verbs Глаголи ш$ета/пр$ошета |stroll; go for walk|
|Set 06| |Сет 06| |Possessive Pronominal Adjectives| |Посесивни заменки| ваш your
|Set 06| |Сет 06| |Possessive Pronominal Adjectives| |Посесивни заменки| мој my
|Set 06| |Сет 06| |Possessive Pronominal Adjectives| |Посесивни заменки| наш our
|Set 06| |Сет 06| |Possessive Pronominal Adjectives| |Посесивни заменки| н$егов his
|Set 06| |Сет 06| |Possessive Pronominal Adjectives| |Посесивни заменки| н$ејзин her
|Set 06| |Сет 06| |Possessive Pronominal Adjectives| |Посесивни заменки| н$ив_ен their
|Set 06| |Сет 06| |Possessive Pronominal Adjectives| |Посесивни заменки| свој |(reflexive pronoun) one’s own|
|Set 06| |Сет 06| |Possessive Pronominal Adjectives| |Посесивни заменки| твој your
|Set 06| |Сет 06| Adverbs Прилози б$авно slowly
|Set 06| |Сет 06| Adverbs Прилози в$еднаш immediately
|Set 06| |Сет 06| Adverbs Прилози |д$алеку (од)| |far (from)|
|Set 06| |Сет 06| Adverbs Прилози д$есно right
|Set 06| |Сет 06| Adverbs Прилози д$оцна late
|Set 06| |Сет 06| Adverbs Прилози л$ево left
|Set 06| |Сет 06| Adverbs Прилози н$авечер |in the evening|
|Set 06| |Сет 06| Adverbs Прилози н$азад back
|Set 06| |Сет 06| Adverbs Прилози н$ајмалку least
|Set 06| |Сет 06| Adverbs Прилози н$ајмногу most
|Set 06| |Сет 06| Adverbs Прилози нас$екаде |all over, everywhere|
|Set 06| |Сет 06| Adverbs Прилози н$аутро |in the morning|
|Set 06| |Сет 06| Adverbs Прилози н$екаде somewhere
|Set 06| |Сет 06| Adverbs Прилози $оттаму |from there|
|Set 06| |Сет 06| Adverbs Прилози |пол, п$ола, пол$овина| half
|Set 06| |Сет 06| Adverbs Прилози пр$аво straight
|Set 06| |Сет 06| Adverbs Прилози р$ано early
|Set 06| |Сет 06| Adverbs Прилози сл$ободно freely
|Set 06| |Сет 06| Adverbs Прилози т$очно еxactly
|Set 06| |Сет 06| Adverbs Прилози $утре tomorrow
|Set 06| |Сет 06| Prepositions Предлози зад behind
|Set 06| |Сет 06| Prepositions Предлози по |along, after|
|Set 06| |Сет 06| Prepositions Предлози п$окрај |along side|
|Set 06| |Сет 06| Prepositions Предлози пр$еку across
|Set 06| |Сет 06| Conjunctions Сврзници бид$ејќи |because, for, since|
|Set 06| |Сет 06| Conjunctions Сврзници |за да| |in order to|
|Set 06| |Сет 06| Conjunctions Сврзници па |and, well, so, then|
|Set 06| |Сет 06| Prefixes Префикси нај- |most, est (superlative marker)|
|Set 06| |Сет 06| Prefixes Префикси по- |more, er (comparative marker)|
|Set 06| |Сет 06| Expressions Изрази $ало |hello (used when answering telephone)|
|Set 06| |Сет 06| Expressions Изрази ч$ао ciao
|Set 06| |Сет 06| Numbers Броеви д$есет ten
|Set 06| |Сет 06| Numbers Броеви дв$аесет twenty
|Set 06| |Сет 06| Numbers Броеви тр$иесет thirty
|Set 06| |Сет 06| Numbers Броеви четир$иесет forty
|Set 06| |Сет 06| Numbers Броеви п$едесет fifty
|Set 06| |Сет 06| Numbers Броеви ш$еесет sixty
|Set 06| |Сет 06| Numbers Броеви сед$умдесет seventy
|Set 06| |Сет 06| Numbers Броеви ос$умдесет eighty
|Set 06| |Сет 06| Numbers Броеви дев$едесет ninety
|Set 06| |Сет 06| Numbers Броеви сто |one hundred|
|Set 07| |Сет 07| Nouns Именки библи$отека library
|Set 07| |Сет 07| Nouns Именки биол$огија biology
|Set 07| |Сет 07| Nouns Именки Б$ожиќ Christmas
|Set 07| |Сет 07| Nouns Именки в$ежба |exercise, drill|
|Set 07| |Сет 07| Nouns Именки гимн$азија |high school|
|Set 07| |Сет 07| Nouns Именки |дек$ември (м)| December
|Set 07| |Сет 07| Nouns Именки д$окумент document
|Set 07| |Сет 07| Nouns Именки |д$омашна р$абота| homework
|Set 07| |Сет 07| Nouns Именки др$угарче |friend (diminutive)|
|Set 07| |Сет 07| Nouns Именки др$ужење friendship
|Set 07| |Сет 07| Nouns Именки др$уштво company
|Set 07| |Сет 07| Nouns Именки експл$озија explosion
|Set 07| |Сет 07| Nouns Именки жал |sorrow, pity|
|Set 07| |Сет 07| Nouns Именки $игранка dance
|Set 07| |Сет 07| Nouns Именки $иднина |the future|
|Set 07| |Сет 07| Nouns Именки $испит test
|Set 07| |Сет 07| Nouns Именки к$ирија rent
|Set 07| |Сет 07| Nouns Именки кол$оквиум |midyear exam|
|Set 07| |Сет 07| Nouns Именки |курс (мн. к$урсеви)| course
|Set 07| |Сет 07| Nouns Именки литерат$ура literature
|Set 07| |Сет 07| Nouns Именки |Н$ова Шк$отска| |Nova Scotia|
|Set 07| |Сет 07| Nouns Именки образ$ование education
|Set 07| |Сет 07| Nouns Именки одд$еление |class, grade in school|
|Set 07| |Сет 07| Nouns Именки |$основно уч$илиште| |primary school|
|Set 07| |Сет 07| Nouns Именки п$аричка coin
|Set 07| |Сет 07| Nouns Именки п$одарок |present, gift|
|Set 07| |Сет 07| Nouns Именки п$окана invitation
|Set 07| |Сет 07| Nouns Именки п$олитика politics
|Set 07| |Сет 07| Nouns Именки |пол$итички н$ауки| |political science|
|Set 07| |Сет 07| Nouns Именки |постд$ипломски ст$удии| |postgraduate study|
|Set 07| |Сет 07| Nouns Именки пр$авo law
|Set 07| |Сет 07| Nouns Именки ред$авање lecture
|Set 07| |Сет 07| Nouns Именки пр$едмет subject
|Set 07| |Сет 07| Nouns Именки презент$ација presentation
|Set 07| |Сет 07| Nouns Именки пр$етстава performance
|Set 07| |Сет 07| Nouns Именки п$ријава application
|Set 07| |Сет 07| Nouns Именки р$азлика difference
|Set 07| |Сет 07| Nouns Именки р$аспуст |vacation; school break|
|Set 07| |Сет 07| Nouns Именки рел$игија religion
|Set 07| |Сет 07| Nouns Именки с$абота Saturday
|Set 07| |Сет 07| Nouns Именки с$ала |hall (music, sports, conferences, etc)|
|Set 07| |Сет 07| Nouns Именки с$арма |sarma (stuffed vegetables, e.g. cabbage or grape leaves)|
|Set 07| |Сет 07| Nouns Именки свет world
|Set 07| |Сет 07| Nouns Именки с$истем system
|Set 07| |Сет 07| Nouns Именки социол$огија sociology
|Set 07| |Сет 07| Nouns Именки |ср$едно уч$илиште| |high school|
|Set 07| |Сет 07| Nouns Именки стип$ендија |fellowship award|
|Set 07| |Сет 07| Nouns Именки |студ$ентски дом| dormitory
|Set 07| |Сет 07| Nouns Именки |ст$удија; ст$удии| |study, project; studies|
|Set 07| |Сет 07| Nouns Именки тест test
|Set 07| |Сет 07| Nouns Именки универзит$ет university
|Set 07| |Сет 07| Nouns Именки уч$ење studying
|Set 07| |Сет 07| Nouns Именки |факулт$ет архитект$онски| |faculty of architecture|
|Set 07| |Сет 07| Nouns Именки |факулт$ет гр$адежен| |faculty of engineering|
|Set 07| |Сет 07| Nouns Именки |факулт$ет eкон$омски| |faculty of economics|
|Set 07| |Сет 07| Nouns Именки |факулт$ет земј$оделски| |faculty of agriculture|
|Set 07| |Сет 07| Nouns Именки |факулт$ет м$ашински| |faculty of mechanical engineering|
|Set 07| |Сет 07| Nouns Именки |факулт$ет медиц$ински| |faculty of medicine|
|Set 07| |Сет 07| Nouns Именки |факулт$ет пр$авен| |faculty of law|
|Set 07| |Сет 07| Nouns Именки |факулт$ет стоматол$ошки| |faculty of dentistry|
|Set 07| |Сет 07| Nouns Именки |факулт$ет ф$изичка к$ултура| |faculty of physical education|
|Set 07| |Сет 07| Nouns Именки |факулт$ет филол$ошки| |faculty of philology (languages and literature)|
|Set 07| |Сет 07| Nouns Именки |факулт$ет за др$амски ум$етности| |faculty of dramatic arts|
|Set 07| |Сет 07| Nouns Именки |факулт$ет за информ$ациски технол$огии| |faculty of information technologies|
|Set 07| |Сет 07| Nouns Именки |факулт$ет за л$иковни ум$етности| |faculty of fine arts|
|Set 07| |Сет 07| Nouns Именки |факулт$ет за $музичка ум$етност| |faculty of music|
|Set 07| |Сет 07| Nouns Именки фарм$ација pharmacy
|Set 07| |Сет 07| Nouns Именки |февру$ари (м)| February
|Set 07| |Сет 07| Nouns Именки ф$изика physics
|Set 07| |Сет 07| Nouns Именки филоз$офија philosophy
|Set 07| |Сет 07| Nouns Именки фискулт$ура |physical education|
|Set 07| |Сет 07| Nouns Именки х$емија chemistry
|Set 07| |Сет 07| Nouns Именки |хуман$итарни н$ауки| humanities
|Set 07| |Сет 07| Nouns Именки ц$имер(ка) roommate
|Set 07| |Сет 07| Nouns Именки час |hour; class|
|Set 07| |Сет 07| Nouns Именки ш$анса chance
|Set 07| |Сет 07| Adjectives Придавки два$есетти twentieth
|Set 07| |Сет 07| Adjectives Придавки з$афатен |busy; occupied|
|Set 07| |Сет 07| Adjectives Придавки з$имски winter
|Set 07| |Сет 07| Adjectives Придавки л$ес_ен easy
|Set 07| |Сет 07| Adjectives Придавки л$ет_ен summer
|Set 07| |Сет 07| Adjectives Придавки м$инат past
|Set 07| |Сет 07| Adjectives Придавки $обич_ен |usual, normal|
|Set 07| |Сет 07| Adjectives Придавки п$исм_ен written
|Set 07| |Сет 07| Adjectives Придавки п$осеб_ен |special; separate|
|Set 07| |Сет 07| Adjectives Придавки пр$ав_ен law
|Set 07| |Сет 07| Adjectives Придавки пр$азнич_eн |holiday; festive|
|Set 07| |Сет 07| Adjectives Придавки пр$имен |admitted; accepted|
|Set 07| |Сет 07| Adjectives Придавки |ср$еќ_ен, н$есреќ_ен| |(un)fortunate, (un)lucky, (un)happy|
|Set 07| |Сет 07| Adjectives Придавки т$ак_ов |such, that kind of|
|Set 07| |Сет 07| Adjectives Придавки |$уст_ен, $усна, $усно, $усни| oral
|Set 07| |Сет 07| Adjectives Придавки $учтив polite
|Set 07| |Сет 07| Adjectives Придавки |фармац$евтски [факулт$ет]| |pharmacy [department]|
|Set 07| |Сет 07| Adjectives Придавки фил$озофски philosophy
|Set 07| |Сет 07| Adjectives Придавки филол$ошки |philological (language and literature)|
|Set 07| |Сет 07| Adjectives Придавки ч$уд_ен |strange, curious|
|Set 07| |Сет 07| Adjectives Придавки ш$умарски forestry
|Set 07| |Сет 07| Verbs Глаголи |се д$ава impf.| |to show (e.g. a movie)|
|Set 07| |Сет 07| Verbs Глаголи |д$обива/д$обие (а. добив, доби)| receive
|Set 07| |Сет 07| Verbs Глаголи |д$ознава/д$ознае (а. дознав, дозна)| |find out|
|Set 07| |Сет 07| Verbs Глаголи експеримент$ира experiment
|Set 07| |Сет 07| Verbs Глаголи |се заб$авува| |be entertained, have fun|
|Set 07| |Сет 07| Verbs Глаголи з$авршува/з$аврши complete
|Set 07| |Сет 07| Verbs Глаголи |се зап$ишува/се з$апише| |register; enroll|
|Set 07| |Сет 07| Verbs Глаголи |изл$егува/$излезе (а. $излегов, $излезе)| |go out; exit|
|Set 07| |Сет 07| Verbs Глаголи |се к$ара/се ск$ара| |argue; quarrel|
|Set 07| |Сет 07| Verbs Глаголи |матур$ира impf./pf.| |graduate from high school|
|Set 07| |Сет 07| Verbs Глаголи |се н$адева impf.| hope
|Set 07| |Сет 07| Verbs Глаголи п$аѓа/п$адне |fall; fail an exam|
|Set 07| |Сет 07| Verbs Глаголи |подн$есува/п$однесе (а. п$однесов, п$однесе)| submit
|Set 07| |Сет 07| Verbs Глаголи ож$елува/п$ожели wish
|Set 07| |Сет 07| Verbs Глаголи пок$анува/п$окани invite
|Set 07| |Сет 07| Verbs Глаголи |п$олага/п$оложи ($испит)| |write/take (an exam)|
|Set 07| |Сет 07| Verbs Глаголи |п$омага/п$омогне (к$ому)| |help (give help to someone)|
|Set 07| |Сет 07| Verbs Глаголи поп$олнува/п$ополни |fi ll out|
|Set 07| |Сет 07| Verbs Глаголи |се прес$елува/се пр$есели| |move; change residence|
|Set 07| |Сет 07| Verbs Глаголи |се приј$авува/се пр$ијави| apply
|Set 07| |Сет 07| Verbs Глаголи пр$има/пр$ими |accept; receive; admit|
|Set 07| |Сет 07| Verbs Глаголи прист$игнува/пр$истигне arrive
|Set 07| |Сет 07| Verbs Глаголи р$ешава/р$еши decide
|Set 07| |Сет 07| Verbs Глаголи |(се) ср$етнува/(се) ср$етне| meet
|Set 07| |Сет 07| Verbs Глаголи учи/н$аучи study/learn
|Set 07| |Сет 07| Verbs Глаголи ч$естита congratulate
|Set 07| |Сет 07| Prepositions Предлози з$аради |on account of; for the sake of|
|Set 07| |Сет 07| Prepositions Предлози $освен except
|Set 07| |Сет 07| Prepositions Предлози по |each; per|
|Set 07| |Сет 07| Prepositions Предлози под under
|Set 07| |Сет 07| Prepositions Предлози п$оради |due to; on account of|
|Set 07| |Сет 07| Prepositions Предлози пр$еку |through, across|
|Set 07| |Сет 07| Adverbs Прилози вч$ера yesterday
|Set 07| |Сет 07| Adverbs Прилози з$авчера |day before yesterday|
|Set 07| |Сет 07| Adverbs Прилози $еднаш once
|Set 07| |Сет 07| Adverbs Прилози з$адутре |day after tomorrow|
|Set 07| |Сет 07| Adverbs Прилози |$исто т$ака| likewise
|Set 07| |Сет 07| Adverbs Прилози л$ани |last year|
|Set 07| |Сет 07| Adverbs Прилози м$ирно peaceful
|Set 07| |Сет 07| Adverbs Прилози н$авечер |in the evening|
|Set 07| |Сет 07| Adverbs Прилози н$апладне |at noon|
|Set 07| |Сет 07| Adverbs Прилози н$аутро |in the morning|
|Set 07| |Сет 07| Adverbs Прилози п$олноќ midnight
|Set 07| |Сет 07| Adverbs Прилози п$опладне afternoon
|Set 07| |Сет 07| Adverbs Прилози пр$етпладне |before noon|
|Set 07| |Сет 07| Adverbs Прилози саб$ајле |morning, in the morning|
|Set 07| |Сет 07| Adverbs Прилози с$осема |completely, entirely|
|Set 07| |Сет 07| Adverbs Прилози $уште |still; yet|
|Set 07| |Сет 07| Conjunctions Сврзници $ако if
|Set 07| |Сет 07| Conjunctions Сврзници з$атоа therefore
|Set 07| |Сет 07| Conjunctions Сврзници $оти |that; because|
|Set 07| |Сет 07| Expressions Изрази |до гл$едање| |goodbye; see you later|
|Set 07| |Сет 07| Expressions Изрази |жал ми е/мн$огу ми е жал| |I’m (really) sorry|
|Set 07| |Сет 07| Expressions Изрази |за жал| unfortunately
|Set 07| |Сет 07| Expressions Изрази |на м$ене ми (се) п$адна| |it fell to me; I got it|
|Set 07| |Сет 07| Expressions Изрази |под к$ирија| rental
|Set 07| |Сет 07| Expressions Изрази |$уште $еднаш| |once again|
|Set 07| |Сет 07| |Days of the week| |Деновите во неделата| пон$еделник Monday
|Set 07| |Сет 07| |Days of the week| |Деновите во неделата| вт$орник Tuesday
|Set 07| |Сет 07| |Days of the week| |Деновите во неделата| ср$еда Wednesday
|Set 07| |Сет 07| |Days of the week| |Деновите во неделата| ч$етврток Thursday
|Set 07| |Сет 07| |Days of the week| |Деновите во неделата| п$еток Friday
|Set 07| |Сет 07| |Days of the week| |Деновите во неделата| с$абота Saturday
|Set 07| |Сет 07| |Days of the week| |Деновите во неделата| н$едела |Sunday; week|
|Set 08| |Сет 08| Nouns Именки ави$он airplane
|Set 08| |Сет 08| Nouns Именки брег |coast; shore; bank|
|Set 08| |Сет 08| Nouns Именки брод boat
|Set 08| |Сет 08| Nouns Именки |б$удала (м, ж)| fool
|Set 08| |Сет 08| Nouns Именки б$удалче |little fool (diminutive)|
|Set 08| |Сет 08| Nouns Именки в$еридба engagement
|Set 08| |Сет 08| Nouns Именки в$еслање rowing
|Set 08| |Сет 08| Nouns Именки г$осподин Mr.
|Set 08| |Сет 08| Nouns Именки г$оспоѓа Mrs.
|Set 08| |Сет 08| Nouns Именки госп$оѓица Miss
|Set 08| |Сет 08| Nouns Именки д$атум date
|Set 08| |Сет 08| Nouns Именки диплом$ирање graduation
|Set 08| |Сет 08| Nouns Именки |з$апад (на з$апад)| |west (in the west)|
|Set 08| |Сет 08| Nouns Именки $именден nameday
|Set 08| |Сет 08| Nouns Именки |$исток (на $исток)| |east (in the east)|
|Set 08| |Сет 08| Nouns Именки |југ (на југ)| |south (in the south)|
|Set 08| |Сет 08| Nouns Именки к$ајак kayak
|Set 08| |Сет 08| Nouns Именки |к$ану (с)| canoe
|Set 08| |Сет 08| Nouns Именки к$апење |swimming; bathing|
|Set 08| |Сет 08| Nouns Именки к$афенце |small coffee (diminutive)|
|Set 08| |Сет 08| Nouns Именки кикир$итка peanut
|Set 08| |Сет 08| Nouns Именки к$олаче cookie
|Set 08| |Сет 08| Nouns Именки к$омшија neighbor
|Set 08| |Сет 08| Nouns Именки к$утија box
|Set 08| |Сет 08| Nouns Именки к$ученце |little dog (diminutive)|
|Set 08| |Сет 08| Nouns Именки лав lion
|Set 08| |Сет 08| Nouns Именки м$амо |mom! (vocative form)|
|Set 08| |Сет 08| Nouns Именки |м$ожност (ж)| possibility
|Set 08| |Сет 08| Nouns Именки м$оре sea
|Set 08| |Сет 08| Nouns Именки новор$оденче newborn
|Set 08| |Сет 08| Nouns Именки |$одмор (на $одмор)| |rest; vacation|
|Set 08| |Сет 08| Nouns Именки оке$ан ocean
|Set 08| |Сет 08| Nouns Именки пеш$ачење hiking
|Set 08| |Сет 08| Nouns Именки пл$ажа beach
|Set 08| |Сет 08| Nouns Именки планин$арење |mountaineering; mountain climbing|
|Set 08| |Сет 08| Nouns Именки пл$ивање swimming
|Set 08| |Сет 08| Nouns Именки пл$овење sailing
|Set 08| |Сет 08| Nouns Именки п$орција portion
|Set 08| |Сет 08| Nouns Именки п$осета visit
|Set 08| |Сет 08| Nouns Именки разглед$ување sightseeing
|Set 08| |Сет 08| Nouns Именки р$оденден birthday
|Set 08| |Сет 08| Nouns Именки |р$оден к$рај| |birthplace; native land|
|Set 08| |Сет 08| Nouns Именки |св$адба (на)| wedding
|Set 08| |Сет 08| Nouns Именки |с$евер (на с$евер)| |north (in the north)|
|Set 08| |Сет 08| Nouns Именки сем$ејство family
|Set 08| |Сет 08| Nouns Именки сл$ава |family feast in honor of patron saint; glory|
|Set 08| |Сет 08| Nouns Именки с$ончање sunbathing
|Set 08| |Сет 08| Nouns Именки с$осед neighbor
|Set 08| |Сет 08| Nouns Именки ср$еќа luck
|Set 08| |Сет 08| Nouns Именки |турист$ичката аг$енција| |tourist agency|
|Set 08| |Сет 08| Nouns Именки ч$ам_ец rowboat
|Set 08| |Сет 08| Nouns Именки ч$аша glass
|Set 08| |Сет 08| Nouns Именки ш$ише bottle
|Set 08| |Сет 08| Nouns Именки ш$ума |forest, woods|
|Set 08| |Сет 08| Adjectives Придавки в$аж_ен important
|Set 08| |Сет 08| Adjectives Придавки гл$упав stupid
|Set 08| |Сет 08| Adjectives Придавки ж$енет |married (said of a man)|
|Set 08| |Сет 08| Adjectives Придавки (о)м$ажена |married (said of a woman)|
|Set 08| |Сет 08| Adjectives Придавки р$азведен divorced
|Set 08| |Сет 08| Adjectives Придавки р$од_ен native
|Set 08| |Сет 08| Verbs Глаголи |бр$ои/$изброи (а. $избројав/$изброив)| |count out|
|Set 08| |Сет 08| Verbs Глаголи |вл$егува/вл$езе (a. вл$егов/вл$езе)| enter
|Set 08| |Сет 08| Verbs Глаголи |се гри$жи (за)| |worry (about)|
|Set 08| |Сет 08| Verbs Глаголи дискут$ира discuss
|Set 08| |Сет 08| Verbs Глаголи |се д$опаѓа/се д$опадне (к$ому)| |like; to be pleasing to someone|
|Set 08| |Сет 08| Verbs Глаголи |се жени/се ожени (со кого)| |marry (said of a man)|
|Set 08| |Сет 08| Verbs Глаголи |забел$ежува/заб$ележи (а. заб$ележав, заб$ележа)| notice
|Set 08| |Сет 08| Verbs Глаголи заб$орава/заб$орави forget
|Set 08| |Сет 08| Verbs Глаголи заѕв$онува/з$аѕвони |start to ring|
|Set 08| |Сет 08| Verbs Глаголи |$избира/$избере (а. $избрав, $избра)| select
|Set 08| |Сет 08| Verbs Глаголи |се к$апе/се $искапе| |bathe; swim|
|Set 08| |Сет 08| Verbs Глаголи |л$ае/з$алае (а. з$алајав, з$алаја)| |bark/start to bark|
|Set 08| |Сет 08| Verbs Глаголи |се м$ажи/се $омажи (за к$ого)| |marry (said of a woman)|
|Set 08| |Сет 08| Verbs Глаголи |оздр$авува/$оздрави (а. $оздравев, $оздраве)| |get well, recover|
|Set 08| |Сет 08| Verbs Глаголи ост$анува/$остане |stay, remain|
|Set 08| |Сет 08| Verbs Глаголи п$атува/отп$атува travel
|Set 08| |Сет 08| Verbs Глаголи план$ира/исплан$ира plan
|Set 08| |Сет 08| Verbs Глаголи пл$ива swim
|Set 08| |Сет 08| Verbs Глаголи поздр$авува/п$оздрави greet
|Set 08| |Сет 08| Verbs Глаголи пор$аснува/п$орасне |grow up|
|Set 08| |Сет 08| Verbs Глаголи пор$ачува/п$орача |order, i.e., in a restaurant|
|Set 08| |Сет 08| Verbs Глаголи п$очнува/п$очне begin
|Set 08| |Сет 08| Verbs Глаголи просл$авува/пр$ослави celebrate
|Set 08| |Сет 08| Verbs Глаголи |се р$аѓа/се р$оди| |be born|
|Set 08| |Сет 08| Verbs Глаголи |р$азбира/р$азбере (а. р$азбрав, р$азбра)| understand
|Set 08| |Сет 08| Verbs Глаголи |ce разв$едува/ce р$азведе| divorce
|Set 08| |Сет 08| Verbs Глаголи |се разб$олува/се р$азболи| |get sick|
|Set 08| |Сет 08| Verbs Глаголи |се с$еќава/се с$ети| |remember, recall|
|Set 08| |Сет 08| Verbs Глаголи |се с$онча/се $исонча| sunbathe
|Set 08| |Сет 08| Verbs Глаголи |сп$ие/з$аспие (а. з$аспав, з$аспа)| sleep
|Set 08| |Сет 08| Verbs Глаголи трча/п$отрча |run/start to run|
|Set 08| |Сет 08| Verbs Глаголи ќ$ути/з$аќути |be quiet/start to be quiet, fall silent|
|Set 08| |Сет 08| Adverbs Прилози в$ечерва |this evening|
|Set 08| |Сет 08| Adverbs Прилози вк$упно |altogether, in total|
|Set 08| |Сет 08| Adverbs Прилози л$етово |this summer|
|Set 08| |Сет 08| Adverbs Прилози н$аскоро soon
|Set 08| |Сет 08| Adverbs Прилози првпат |first time|
|Set 08| |Сет 08| Adverbs Прилози р$ечиси |nearly, almost, practically|
|Set 08| |Сет 08| Adverbs Прилози ск$оро soon
|Set 08| |Сет 08| Adverbs Прилози т$ака |that way, in such a fashion|
|Set 08| |Сет 08| Prepositions Предлози кон toward
|Set 08| |Сет 08| Prepositions Предлози крај |by, near, beside|
|Set 08| |Сет 08| Prepositions Предлози по after
|Set 08| |Сет 08| Prepositions Предлози пред |before; in front of; prior to; ago|
|Set 08| |Сет 08| |Other words| |Други зборови| баш |intensifying particle just; exactly|
|Set 08| |Сет 08| |Other words| |Други зборови| |г$олема р$абота!| |big deal!|
|Set 08| |Сет 08| |Other words| |Други зборови| $ела! |come here!|
|Set 08| |Сет 08| |Other words| |Други зборови| |за ср$еќа| fortunately
|Set 08| |Сет 08| |Other words| |Други зборови| л$еле! |oh, oh! (interjection)|
|Set 08| |Сет 08| |Other words| |Други зборови| |ср$еќен р$оденден| |happy birthday|
|Set 08| |Сет 08| |Other words| |Други зборови| ф$ала! |thank you|
|Set 08| |Сет 08| |Other words| |Други зборови| ч$естито! congratulations!
|Set 08| |Сет 08| Numbers Броеви сто |one hundred|
|Set 08| |Сет 08| Numbers Броеви дв$есте |two hundred|
|Set 08| |Сет 08| Numbers Броеви тр$иста |three hundred|
|Set 08| |Сет 08| Numbers Броеви четирист$отини |four hundred|
|Set 08| |Сет 08| Numbers Броеви петст$отини |five hundred|
|Set 08| |Сет 08| Numbers Броеви $илјада |one thousand|
|Set 08| |Сет 08| Numbers Броеви |две $илјади| |two thousand|
|Set 08| |Сет 08| Numbers Броеви мили$он million
|Set 08| |Сет 08| Numbers Броеви |два мили$она| |two million|
|Set 08| |Сет 08| Numbers Броеви милиј$арда |one billion|
|Set 08| |Сет 08| Numbers Броеви |две милиј$арди| |two billion|
|Set 08| |Сет 08| |Months of the year| Месеци јану$ари January
|Set 08| |Сет 08| |Months of the year| Месеци февру$ари February
|Set 08| |Сет 08| |Months of the year| Месеци март March
|Set 08| |Сет 08| |Months of the year| Месеци април April
|Set 08| |Сет 08| |Months of the year| Месеци мај May
|Set 08| |Сет 08| |Months of the year| Месеци јуни June
|Set 08| |Сет 08| |Months of the year| Месеци јули July
|Set 08| |Сет 08| |Months of the year| Месеци август August
|Set 08| |Сет 08| |Months of the year| Месеци септ$ември September
|Set 08| |Сет 08| |Months of the year| Месеци окт$омври October
|Set 08| |Сет 08| |Months of the year| Месеци но$ември November
|Set 08| |Сет 08| |Months of the year| Месеци дек$ември December
|Set 09| |Сет 09| Nouns Именки б$еља misfortune
|Set 09| |Сет 09| Nouns Именки в$етровка windbreaker
|Set 09| |Сет 09| Nouns Именки в$еце |WC (water closet), bathroom|
|Set 09| |Сет 09| Nouns Именки |волк (мн. в$олци)| wolf
|Set 09| |Сет 09| Nouns Именки грмеж thunder
|Set 09| |Сет 09| Nouns Именки дожд rain
|Set 09| |Сет 09| Nouns Именки |дрво (мн. дрвја)| tree
|Set 09| |Сет 09| Nouns Именки |$есен (ж)| autumn
|Set 09| |Сет 09| Nouns Именки |ж$ивотно (мн. ж$ивотни)| animal
|Set 09| |Сет 09| Nouns Именки з$емја |ground, earth; country|
|Set 09| |Сет 09| Nouns Именки к$апа hat
|Set 09| |Сет 09| Nouns Именки к$апут overcoat
|Set 09| |Сет 09| Nouns Именки |кус р$асказ| |short story|
|Set 09| |Сет 09| Nouns Именки лет$ување |summer vacation|
|Set 09| |Сет 09| Nouns Именки м$агла fog
|Set 09| |Сет 09| Nouns Именки |м$антил за дожд| raincoat
|Set 09| |Сет 09| Nouns Именки м$арама |shawl, scarf, kerchief|
|Set 09| |Сет 09| Nouns Именки м$олња lightening
|Set 09| |Сет 09| Nouns Именки н$ебо sky
|Set 09| |Сет 09| Nouns Именки $облак cloud
|Set 09| |Сет 09| Nouns Именки пр$иказна story
|Set 09| |Сет 09| Nouns Именки |пр$олет (ж) (пр$олетта)| spring
|Set 09| |Сет 09| Nouns Именки рак$авица mitten
|Set 09| |Сет 09| Nouns Именки ред order
|Set 09| |Сет 09| Nouns Именки снег snow
|Set 09| |Сет 09| Nouns Именки с$онце sun
|Set 09| |Сет 09| Nouns Именки ч$адор umbrella
|Set 09| |Сет 09| Nouns Именки џеб pocket
|Set 09| |Сет 09| Nouns Именки шал scarf
|Set 09| |Сет 09| Nouns Именки ш$олја cup
|Set 09| |Сет 09| Adjectives Придавки в$ак_ов |this type|
|Set 09| |Сет 09| Adjectives Придавки д$осад_ен boring
|Set 09| |Сет 09| Adjectives Придавки |ж$еж_ок (ж$ешкa)| hot
|Set 09| |Сет 09| Adjectives Придавки кус short
|Set 09| |Сет 09| Adjectives Придавки мр$ач_ен |dark; overcast|
|Set 09| |Сет 09| Adjectives Придавки $облач_ен cloudy
|Set 09| |Сет 09| Adjectives Придавки $онак_ов |that type|
|Set 09| |Сет 09| Adjectives Придавки сам |alone; single|
|Set 09| |Сет 09| Adjectives Придавки сив grey
|Set 09| |Сет 09| Adjectives Придавки син blue
|Set 09| |Сет 09| Adjectives Придавки |слаб; слаб дожд| |weak; thin; light rain|
|Set 09| |Сет 09| Adjectives Придавки ст$уден cold
|Set 09| |Сет 09| Adjectives Придавки сув dry
|Set 09| |Сет 09| Adjectives Придавки т$ак_ов |such a type|
|Set 09| |Сет 09| Adjectives Придавки т$ем_ен |dark; cloudy|
|Set 09| |Сет 09| Adjectives Придавки т$оп_ол warm
|Set 09| |Сет 09| Adjectives Придавки цел |whole, entire|
|Set 09| |Сет 09| Verbs Глаголи вика/в$икне call
|Set 09| |Сет 09| Verbs Глаголи врне/з$аврне |rain, snow|
|Set 09| |Сет 09| Verbs Глаголи |се добл$ижува/се д$оближи| approach
|Set 09| |Сет 09| Verbs Глаголи |з$ема/з$еме (а. з$едов, з$еде)| take
|Set 09| |Сет 09| Verbs Глаголи изн$ајмува/$изнајми |lease, hire, rent|
|Set 09| |Сет 09| Verbs Глаголи л$ежи lie
|Set 09| |Сет 09| Verbs Глаголи |се пл$аши/се $исплаши| |be frightened|
|Set 09| |Сет 09| Verbs Глаголи |пр$ашува/пр$аша к$ого| ask
|Set 09| |Сет 09| Verbs Глаголи прест$анува/пр$естане |stop, cease|
|Set 09| |Сет 09| Verbs Глаголи п$ушта/п$ушти |let, permit|
|Set 09| |Сет 09| Verbs Глаголи раск$ажува/р$аскаже |tell a story, narrate an event|
|Set 09| |Сет 09| Verbs Глаголи фрла/фрли throw
|Set 09| |Сет 09| Adverbs Прилози в$ака |in this manner|
|Set 09| |Сет 09| Adverbs Прилози в$аму |this way, hither|
|Set 09| |Сет 09| Adverbs Прилози вн$атре inside
|Set 09| |Сет 09| Adverbs Прилози (в)$олкав |this size|
|Set 09| |Сет 09| Adverbs Прилози (в)$олку |this amount|
|Set 09| |Сет 09| Adverbs Прилози к$олку |how many|
|Set 09| |Сет 09| Adverbs Прилози колк$умина |so many, how many|
|Set 09| |Сет 09| Adverbs Прилози н$апред |forward, ahead|
|Set 09| |Сет 09| Adverbs Прилози н$екаде somewhere
|Set 09| |Сет 09| Adverbs Прилози н$екако somehow
|Set 09| |Сет 09| Adverbs Прилози н$икогаш never
|Set 09| |Сет 09| Adverbs Прилози $одамна |long ago; for a long time|
|Set 09| |Сет 09| Adverbs Прилози $онака |in that manner|
|Set 09| |Сет 09| Adverbs Прилози $онаков |that type|
|Set 09| |Сет 09| Adverbs Прилози $онаму |that way, thither|
|Set 09| |Сет 09| Adverbs Прилози $онде |over there|
|Set 09| |Сет 09| Adverbs Прилози $онолку |that amount|
|Set 09| |Сет 09| Adverbs Прилози п$орано earlier
|Set 09| |Сет 09| Adverbs Прилози пост$ојано constantly
|Set 09| |Сет 09| Adverbs Прилози с$иноќа |last night|
|Set 09| |Сет 09| Adverbs Прилози т$огаш |then, at that time|
|Set 09| |Сет 09| Adverbs Прилози т$олкав |such a type|
|Set 09| |Сет 09| Adverbs Прилози т$олку |so much, so many|
|Set 09| |Сет 09| Adverbs Прилози ч$есто often
|Set 09| |Сет 09| Conjunction Сврзник та |and so|
|Set 09| |Сет 09| |Other words| |Други зборови| н$ека let
|Set 09| |Сет 09| |Other words| |Други зборови| н$иту |not even|
|Set 10| |Сет 10| Nouns Именки бр$ада beard
|Set 10| |Сет 10| Nouns Именки |бр$атучед, брат$учетка| cousin
|Set 10| |Сет 10| Nouns Именки вр$атоврска necktie
|Set 10| |Сет 10| Nouns Именки в$ујко |uncle (mother’s brother)|
|Set 10| |Сет 10| Nouns Именки в$ујна |aunt (mother’s brother wife)|
|Set 10| |Сет 10| Nouns Именки д$евојка girl
|Set 10| |Сет 10| Nouns Именки д$евојче |little (young) girl|
|Set 10| |Сет 10| Nouns Именки зд$олниште skirt
|Set 10| |Сет 10| Nouns Именки $интерес interest
|Set 10| |Сет 10| Nouns Именки к$апут overcoat
|Set 10| |Сет 10| Nouns Именки к$арактер character
|Set 10| |Сет 10| Nouns Именки к$оњ horse
|Set 10| |Сет 10| Nouns Именки к$оса hair
|Set 10| |Сет 10| Nouns Именки крав$ата necktie
|Set 10| |Сет 10| Nouns Именки л$еќи |contact lenses|
|Set 10| |Сет 10| Nouns Именки л$ице face
|Set 10| |Сет 10| Nouns Именки м$агаре donkey
|Set 10| |Сет 10| Nouns Именки м$аица Tshirt
|Set 10| |Сет 10| Nouns Именки м$омиче girl
|Set 10| |Сет 10| Nouns Именки м$омче boy
|Set 10| |Сет 10| Nouns Именки м$отор motorcycle
|Set 10| |Сет 10| Nouns Именки м$устаќи moustache
|Set 10| |Сет 10| Nouns Именки н$астап performance
|Set 10| |Сет 10| Nouns Именки $обетка earring
|Set 10| |Сет 10| Nouns Именки $одговор answer
|Set 10| |Сет 10| Nouns Именки |$око (мн. $очи)| |eye (pl. eyes)|
|Set 10| |Сет 10| Nouns Именки $очила glasses
|Set 10| |Сет 10| Nouns Именки пат$ување trip
|Set 10| |Сет 10| Nouns Именки пр$ашање question
|Set 10| |Сет 10| Nouns Именки пр$едавач lecturer
|Set 10| |Сет 10| Nouns Именки р$ечник dictionary
|Set 10| |Сет 10| Nouns Именки |рок гр$упа| |rock group|
|Set 10| |Сет 10| Nouns Именки стр$ико |uncle (father’s brother)|
|Set 10| |Сет 10| Nouns Именки стр$ина |aunt (father’s brother’s wife)|
|Set 10| |Сет 10| Nouns Именки тетов$ажа tattoo
|Set 10| |Сет 10| Nouns Именки т$етин uncle
|Set 10| |Сет 10| Nouns Именки т$етка aunt
|Set 10| |Сет 10| Nouns Именки |$уво (мн. $уши)| |ear, ears|
|Set 10| |Сет 10| Nouns Именки ф$армерки jeans
|Set 10| |Сет 10| Nouns Именки ф$устан dress
|Set 10| |Сет 10| Adjectives Придавки амбици$оз_ен ambitious
|Set 10| |Сет 10| Adjectives Придавки б$ав_ен |slow; slowwitted|
|Set 10| |Сет 10| Adjectives Придавки беж beige
|Set 10| |Сет 10| Adjectives Придавки б$огат wealthy
|Set 10| |Сет 10| Adjectives Придавки брз |quick; quickwitted|
|Set 10| |Сет 10| Adjectives Придавки в$ер_ен |faithful, loyal|
|Set 10| |Сет 10| Adjectives Придавки в$есел |cheerful, happy|
|Set 10| |Сет 10| Adjectives Придавки ви$олетов violet
|Set 10| |Сет 10| Adjectives Придавки в$иткан curly
|Set 10| |Сет 10| Adjectives Придавки вр$ед_ен |diligent, industrious|
|Set 10| |Сет 10| Adjectives Придавки геј |gay, homosexual|
|Set 10| |Сет 10| Adjectives Придавки грд ugly
|Set 10| |Сет 10| Adjectives Придавки д$ебел fat
|Set 10| |Сет 10| Adjectives Придавки долг long
|Set 10| |Сет 10| Adjectives Придавки др$уштвен friendly
|Set 10| |Сет 10| Adjectives Придавки екон$омичен |economical, prudent|
|Set 10| |Сет 10| Adjectives Придавки елег$ант_ен elegant
|Set 10| |Сет 10| Adjectives Придавки ж$енски |female, feminine|
|Set 10| |Сет 10| Adjectives Придавки |ж$енско (д$ете)| |female (girl child)|
|Set 10| |Сет 10| Adjectives Придавки з$абранет forbidden
|Set 10| |Сет 10| Adjectives Придавки зл$ат_ен gold
|Set 10| |Сет 10| Adjectives Придавки |интелиг$ент_ен, неинтелиг$ент_ен| (un)intelligent
|Set 10| |Сет 10| Adjectives Придавки $ит_ар |shrewd, sly, clever|
|Set 10| |Сет 10| Adjectives Придавки к$афен |coffeecolored, brown|
|Set 10| |Сет 10| Adjectives Придавки конзерват$ив_ен conservative
|Set 10| |Сет 10| Adjectives Придавки кр$ат_ок short
|Set 10| |Сет 10| Adjectives Придавки м$ашки |male, masculine|
|Set 10| |Сет 10| Adjectives Придавки |м$ашко (д$ете)| |male (boy child)|
|Set 10| |Сет 10| Adjectives Придавки м$од_ар |blue (purplish)|
|Set 10| |Сет 10| Adjectives Придавки мрзлив lazy
|Set 10| |Сет 10| Adjectives Придавки н$асмеан |smiling, laughing|
|Set 10| |Сет 10| Adjectives Придавки неинтелиг$ент_ен unintelligent
|Set 10| |Сет 10| Adjectives Придавки неоч$екуван unexpected
|Set 10| |Сет 10| Adjectives Придавки непр$ијат_ен unpleasant
|Set 10| |Сет 10| Adjectives Придавки н$ечесен |dishonest, unfair, untrustworthy|
|Set 10| |Сет 10| Adjectives Придавки плав |blue; blond hair|
|Set 10| |Сет 10| Adjectives Придавки п$обелен greyhaired
|Set 10| |Сет 10| Adjectives Придавки полн full
|Set 10| |Сет 10| Adjectives Придавки порт$окалов orange
|Set 10| |Сет 10| Adjectives Придавки п$олнич_ок |plump, chubby|
|Set 10| |Сет 10| Adjectives Придавки $оранж orange
|Set 10| |Сет 10| Adjectives Придавки прав |straight; correct|
|Set 10| |Сет 10| Adjectives Придавки пр$ијатен pleasant
|Set 10| |Сет 10| Adjectives Придавки р$озов pink
|Set 10| |Сет 10| Adjectives Придавки р$аботлив industrious
|Set 10| |Сет 10| Adjectives Придавки |р$уса к$оса| blond
|Set 10| |Сет 10| Adjectives Придавки св$ет_ол |bright, light|
|Set 10| |Сет 10| Adjectives Придавки симп$атич_ен nice
|Set 10| |Сет 10| Adjectives Придавки сир$омаш_ен poor
|Set 10| |Сет 10| Adjectives Придавки ср$ебрен silver
|Set 10| |Сет 10| Adjectives Придавки тврд$оглав stubborn
|Set 10| |Сет 10| Adjectives Придавки т$ем_ен dark
|Set 10| |Сет 10| Adjectives Придавки ќ$елав bald
|Set 10| |Сет 10| Adjectives Придавки хр$аб_ар brave
|Set 10| |Сет 10| Adjectives Придавки ч$есен |honest, fair, trustworthy|
|Set 10| |Сет 10| Verbs Глаголи в$ози drive
|Set 10| |Сет 10| Verbs Глаголи г$уби/$изгуби |lose, get lost|
|Set 10| |Сет 10| Verbs Глаголи д$оцни/з$адоцни |be late|
|Set 10| |Сет 10| Verbs Глаголи заб$орава/заб$орави forget
|Set 10| |Сет 10| Verbs Глаголи $изгледа |look, seem, appear|
|Set 10| |Сет 10| Verbs Глаголи $испушта/$испушти |miss, omit|
|Set 10| |Сет 10| Verbs Глаголи |обј$аснува/$објасни к$ому| |explain (to someone)|
|Set 10| |Сет 10| Verbs Глаголи пр$едлага/пр$едложи suggest
|Set 10| |Сет 10| Verbs Глаголи п$уши smoke
|Set 10| |Сет 10| Verbs Глаголи разм$ислува/р$азмисли consider
|Set 10| |Сет 10| Verbs Глаголи |се рас$ипува/се р$асипе| |break down, spoil|
|Set 10| |Сет 10| Verbs Глаголи тр$оши/п$отроши |spend money|
|Set 10| |Сет 10| Verbs Глаголи |ч$ести н$екого со н$ешто| |treat (someone to something)|
|Set 10| |Сет 10| Verbs Глаголи ч$естита congratulate
|Set 10| |Сет 10| Adverbs Прилози б$арем |at least|
|Set 10| |Сет 10| Adverbs Прилози вер$ојатно |probably, likely|
|Set 10| |Сет 10| Adverbs Прилози л$есно easily
|Set 10| |Сет 10| Adverbs Прилози м$ожеби |maybe, possibly|
|Set 10| |Сет 10| Conjunction Сврзник $иако although
|Set 10| |Сет 10| Expressions Изрази |би с$акала| |I would like|
|Set 10| |Сет 10| Expressions Изрази |д$обро би б$ило| |it would be good|
|Set 10| |Сет 10| Expressions Изрази |за м$алку| |nearly, just about|
|Set 10| |Сет 10| Expressions Изрази |$имаш/$имате пр$аво| |you are right.|
|Set 10| |Сет 10| Expressions Изрази |к$ако $изгледа?| |how does he/she look?|
|Set 10| |Сет 10| Expressions Изрази |што зн$ачи?| |what does it mean?|
|Set 11| |Сет 11| Nouns Именки амбул$анта clinic
|Set 11| |Сет 11| Nouns Именки анг$ина |sore throat, tonsillitis|
|Set 11| |Сет 11| Nouns Именки антиби$отик antibiotics
|Set 11| |Сет 11| Nouns Именки апендиц$ит appendicitis
|Set 11| |Сет 11| Nouns Именки апет$ит appetite
|Set 11| |Сет 11| Nouns Именки $апче |pill, tablet|
|Set 11| |Сет 11| Nouns Именки б$олка pain
|Set 11| |Сет 11| Nouns Именки б$олница hospital
|Set 11| |Сет 11| Nouns Именки |брза п$омош| |first aid|
|Set 11| |Сет 11| Nouns Именки врат neck
|Set 11| |Сет 11| Nouns Именки г$ипс |plaster cast|
|Set 11| |Сет 11| Nouns Именки гл$ава head
|Set 11| |Сет 11| Nouns Именки гр$ади |chest, breast|
|Set 11| |Сет 11| Nouns Именки грб back
|Set 11| |Сет 11| Nouns Именки гр$ип flu
|Set 11| |Сет 11| Nouns Именки грло throat
|Set 11| |Сет 11| Nouns Именки до$аѓање arrival
|Set 11| |Сет 11| Nouns Именки |заб (мн. з$аби)| tooth
|Set 11| |Сет 11| Nouns Именки з$абар dentist
|Set 11| |Сет 11| Nouns Именки зм$ија snake
|Set 11| |Сет 11| Nouns Именки инј$екција |shot, injection|
|Set 11| |Сет 11| Nouns Именки инф$аркт |heart attack|
|Set 11| |Сет 11| Nouns Именки к$ашлица |a cough|
|Set 11| |Сет 11| Nouns Именки к$ожа skin
|Set 11| |Сет 11| Nouns Именки |к$олено (мн. к$олена)| knee
|Set 11| |Сет 11| Nouns Именки |крв (ж)| blood
|Set 11| |Сет 11| Nouns Именки кр$евет bed
|Set 11| |Сет 11| Nouns Именки л$ажица spoon
|Set 11| |Сет 11| Nouns Именки л$ак_от elbow
|Set 11| |Сет 11| Nouns Именки л$ек medicine
|Set 11| |Сет 11| Nouns Именки нас$еление population
|Set 11| |Сет 11| Nouns Именки н$есреќа accident
|Set 11| |Сет 11| Nouns Именки |нож (мн. н$ожеви)| knife
|Set 11| |Сет 11| Nouns Именки $одаја room
|Set 11| |Сет 11| Nouns Именки ок$олина vicinity
|Set 11| |Сет 11| Nouns Именки |оп$асност (ж)| danger
|Set 11| |Сет 11| Nouns Именки опер$ација operation
|Set 11| |Сет 11| Nouns Именки $отров poison
|Set 11| |Сет 11| Nouns Именки |пат (мн. п$ати)| time
|Set 11| |Сет 11| Nouns Именки под floor
|Set 11| |Сет 11| Nouns Именки п$ожар fire
|Set 11| |Сет 11| Nouns Именки п$оле field
|Set 11| |Сет 11| Nouns Именки пр$озор_ец window
|Set 11| |Сет 11| Nouns Именки |прст (мн. прсти)/прст на н$ога| finger/toe
|Set 11| |Сет 11| Nouns Именки рак cancer
|Set 11| |Сет 11| Nouns Именки |р$амо (мн. р$амена)| shoulder
|Set 11| |Сет 11| Nouns Именки р$ана wound
|Set 11| |Сет 11| Nouns Именки р$ецепт prescription
|Set 11| |Сет 11| Nouns Именки с$ерум serum
|Set 11| |Сет 11| Nouns Именки С$ИДА AIDS
|Set 11| |Сет 11| Nouns Именки сл$учка incident
|Set 11| |Сет 11| Nouns Именки |сообр$аќајна н$есреќа| |traffic accident|
|Set 11| |Сет 11| Nouns Именки с$останок meeting
|Set 11| |Сет 11| Nouns Именки сп$ална bedroom
|Set 11| |Сет 11| Nouns Именки срце heart
|Set 11| |Сет 11| Nouns Именки ст$ол chair
|Set 11| |Сет 11| Nouns Именки ст$омак stomach
|Set 11| |Сет 11| Nouns Именки температ$ура temperature
|Set 11| |Сет 11| Nouns Именки т$етанус tetanus
|Set 11| |Сет 11| Nouns Именки трпез$арија |dining room|
|Set 11| |Сет 11| Nouns Именки |тр$уење со хр$ана| |food poisoning|
|Set 11| |Сет 11| Nouns Именки $усна lip
|Set 11| |Сет 11| Nouns Именки $уста mouth
|Set 11| |Сет 11| Nouns Именки ч$ело forehead
|Set 11| |Сет 11| Nouns Именки ч$инија |plate, dish|
|Set 11| |Сет 11| Nouns Именки |ш$еќерна б$олест| diabetes
|Set 11| |Сет 11| Adjectives Придавки б$ол_ен sick
|Set 11| |Сет 11| Adjectives Придавки з$атворен closed
|Set 11| |Сет 11| Adjectives Придавки здрав healthy
|Set 11| |Сет 11| Adjectives Придавки јак strong
|Set 11| |Сет 11| Adjectives Придавки м$од_ар |dark blue, purplish|
|Set 11| |Сет 11| Adjectives Придавки |оч$екуван, неоч$екуван| (un)expected
|Set 11| |Сет 11| Adjectives Придавки $отворен open
|Set 11| |Сет 11| Adjectives Придавки пр$аз_ен empty
|Set 11| |Сет 11| Adjectives Придавки седумг$одиш_ен |sevenyear old|
|Set 11| |Сет 11| Adjectives Придавки стр$аш_ен |terrible, awesome|
|Set 11| |Сет 11| Adjectives Придавки т$оч_ен |exact, precise|
|Set 11| |Сет 11| Verbs Глаголи б$ара/п$обара |seek, look for|
|Set 11| |Сет 11| Verbs Глаголи |б$ере/н$абере (a. н$абрав, н$абра)| gather
|Set 11| |Сет 11| Verbs Глаголи б$оли/з$аболи hurt
|Set 11| |Сет 11| Verbs Глаголи в$оди lead
|Set 11| |Сет 11| Verbs Глаголи |се ж$али (на што)| |complain about|
|Set 11| |Сет 11| Verbs Глаголи |заздр$авува/з$аздрави (а. з$аздравев, з$аздраве)| heal
|Set 11| |Сет 11| Verbs Глаголи з$атвора/з$атвори close
|Set 11| |Сет 11| Verbs Глаголи к$аса/к$асне bite
|Set 11| |Сет 11| Verbs Глаголи крши/скрши break
|Set 11| |Сет 11| Verbs Глаголи л$егнува/л$егне |lie down|
|Set 11| |Сет 11| Verbs Глаголи л$екува/изл$екува heal
|Set 11| |Сет 11| Verbs Глаголи |(се) л$оши/(се) сл$оши| |feel nauseous|
|Set 11| |Сет 11| Verbs Глаголи |(се) м$ие/(се) $измие| wash
|Set 11| |Сет 11| Verbs Глаголи |(се) обл$екува/(се) $облече (a. $облеков, $облече)| dress
|Set 11| |Сет 11| Verbs Глаголи $одбива/$одбие |refuse, turn down|
|Set 11| |Сет 11| Verbs Глаголи одв$едува/$одведе |lead away|
|Set 11| |Сет 11| Verbs Глаголи |се $одмора/се $одмори| rest
|Set 11| |Сет 11| Verbs Глаголи $отвора/$отвори open
|Set 11| |Сет 11| Verbs Глаголи |$отиде (а. $отидов, $отиде; $отиш_ол)| |depart, leave (perf.)|
|Set 11| |Сет 11| Verbs Глаголи п$аѓа/п$адне fall
|Set 11| |Сет 11| Verbs Глаголи |пл$аче/з$аплаче (а. з$аплакав, з$аплака)| cry
|Set 11| |Сет 11| Verbs Глаголи п$овраќа vomit
|Set 11| |Сет 11| Verbs Глаголи |се р$адува| |rejoice, be happy|
|Set 11| |Сет 11| Verbs Глаголи |се разб$олува/се р$азболи| |fall ill, get sick|
|Set 11| |Сет 11| Verbs Глаголи |се сл$учува/се сл$учи| |happen, occur|
|Set 11| |Сет 11| Verbs Глаголи |с$обира/с$обере (а. с$обрав, с$обра)| collect
|Set 11| |Сет 11| Verbs Глаголи |се спр$ема/се спр$еми| |prepare; get ready|
|Set 11| |Сет 11| Verbs Глаголи ст$анува/ст$ане |get up, stand up|
|Set 11| |Сет 11| Verbs Глаголи ст$ори |do, accomplish, carry out|
|Set 11| |Сет 11| Verbs Глаголи |тр$уе/$отруе (a. $отров, $отру)| poison
|Set 11| |Сет 11| Verbs Глаголи |$умира/$умре (a. $умрев, $умре)| die
|Set 11| |Сет 11| Verbs Глаголи |се ч$увствува| feel
|Set 11| |Сет 11| Prepositions Предлози н$акај toward
|Set 11| |Сет 11| Prepositions Предлози $околу |by, near, around, approximately|
|Set 11| |Сет 11| Prepositions Предлози сп$оред |according to|
|Set 11| |Сет 11| Conjunctions Сврзници |б$ез да| without
|Set 11| |Сет 11| Conjunctions Сврзници |за да| |in order to|
|Set 11| |Сет 11| Conjunctions Сврзници |пр$ед да| before
|Set 11| |Сет 11| Conjunctions Сврзници шт$ом |since; as soon as|
|Set 11| |Сет 11| Adverbs Прилози в$оопшто |generally; at all|
|Set 11| |Сет 11| Adverbs Прилози д$олу below
|Set 11| |Сет 11| Adverbs Прилози с$епак however
|Set 11| |Сет 11| |Other words| |Други зборови| |и т$ака н$атаму, итн.| |et cetera, etc.|
|Set 11| |Сет 11| |Other words| |Други зборови| |Ср$еќен пат!| |Bon voyage! Have a good trip!|
|Set 12| |Сет 12| Nouns Именки апар$ат apparatus
|Set 12| |Сет 12| Nouns Именки б$авча garden
|Set 12| |Сет 12| Nouns Именки б$алкон balcony
|Set 12| |Сет 12| Nouns Именки б$ања bathroom
|Set 12| |Сет 12| Nouns Именки |бр$ачен пар, бр$ачна дв$ојка| |married pair, married couple|
|Set 12| |Сет 12| Nouns Именки в$изба |cellar, root cellar|
|Set 12| |Сет 12| Nouns Именки в$иљушка fork
|Set 12| |Сет 12| Nouns Именки вл$ез entrance
|Set 12| |Сет 12| Nouns Именки |вр$едност (ж)| |value, worth|
|Set 12| |Сет 12| Nouns Именки |г$азда, газд$арица| |landlord, landlady|
|Set 12| |Сет 12| Nouns Именки гарсони$ера |bachelor apartment|
|Set 12| |Сет 12| Nouns Именки гр$адина garden
|Set 12| |Сет 12| Nouns Именки дв$осед |small couch; loveseat|
|Set 12| |Сет 12| Nouns Именки |дн$евна с$оба| |living room|
|Set 12| |Сет 12| Nouns Именки д$оговор agreement
|Set 12| |Сет 12| Nouns Именки д$олап cupboard
|Set 12| |Сет 12| Nouns Именки ѓ$езве |small pot for making Turkish coffee|
|Set 12| |Сет 12| Nouns Именки ѕ$ид wall
|Set 12| |Сет 12| Nouns Именки $излез exit
|Set 12| |Сет 12| Nouns Именки к$ада bathtub
|Set 12| |Сет 12| Nouns Именки кат |floor (of building), story|
|Set 12| |Сет 12| Nouns Именки к$илим |flatweave carpet|
|Set 12| |Сет 12| Nouns Именки к$ирија rent
|Set 12| |Сет 12| Nouns Именки ком$ода |chest of drawers|
|Set 12| |Сет 12| Nouns Именки кр$евет bed
|Set 12| |Сет 12| Nouns Именки к$ујна kitchen
|Set 12| |Сет 12| Nouns Именки куп$атило bathroom
|Set 12| |Сет 12| Nouns Именки л$ампа lamp
|Set 12| |Сет 12| Nouns Именки л$ифт elevator
|Set 12| |Сет 12| Nouns Именки |м$аса, м$асичка| |table, little table|
|Set 12| |Сет 12| Nouns Именки м$ебел furniture
|Set 12| |Сет 12| Nouns Именки м$ијалник sink
|Set 12| |Сет 12| Nouns Именки |микробр$анова (п$ечка)| |microwave (oven)|
|Set 12| |Сет 12| Nouns Именки м$ислење |opinion, viewpoint|
|Set 12| |Сет 12| Nouns Именки н$аселба |city district|
|Set 12| |Сет 12| Nouns Именки огл$едало mirror
|Set 12| |Сет 12| Nouns Именки $орман |large cupboard, wardrobe|
|Set 12| |Сет 12| Nouns Именки |п$арно гр$еење| |steam heat|
|Set 12| |Сет 12| Nouns Именки п$ечка stove
|Set 12| |Сет 12| Nouns Именки п$одрум basement
|Set 12| |Сет 12| Nouns Именки п$олица shelf
|Set 12| |Сет 12| Nouns Именки р$аботи |things, stuff|
|Set 12| |Сет 12| Nouns Именки р$ерна oven
|Set 12| |Сет 12| Nouns Именки реш$о |hot plate|
|Set 12| |Сет 12| Nouns Именки р$ингла burner
|Set 12| |Сет 12| Nouns Именки с$апун soap
|Set 12| |Сет 12| Nouns Именки |ск$ала, ск$али| |stair, stairs|
|Set 12| |Сет 12| Nouns Именки |сп$ална с$оба| bedroom
|Set 12| |Сет 12| Nouns Именки телев$изор |television set|
|Set 12| |Сет 12| Nouns Именки т$енџере |pot, saucepan|
|Set 12| |Сет 12| Nouns Именки тоал$ет toilet
|Set 12| |Сет 12| Nouns Именки тр$осед couch
|Set 12| |Сет 12| Nouns Именки трпез$арија |dining room|
|Set 12| |Сет 12| Nouns Именки туш shower
|Set 12| |Сет 12| Nouns Именки фи$ока drawer
|Set 12| |Сет 12| Nouns Именки фот$елја armchair
|Set 12| |Сет 12| Nouns Именки фрижид$ер refrigerator
|Set 12| |Сет 12| Nouns Именки шифоњ$ер wardrobe
|Set 12| |Сет 12| Nouns Именки шкаф cupboard
|Set 12| |Сет 12| Nouns Именки шп$орет stove
|Set 12| |Сет 12| Adjectives Придавки |едно-, дво-, трособен| |one-, two-, threeroom|
|Set 12| |Сет 12| Adjectives Придавки |н$аместен, ненам$естен| (un)furnished
|Set 12| |Сет 12| Adjectives Придавки с$ончев sunny
|Set 12| |Сет 12| Adjectives Придавки т$ехнички technical
|Set 12| |Сет 12| Verbs Глаголи |з$ависи од| |depend on|
|Set 12| |Сет 12| Verbs Глаголи |$избира/$избере (а. $избрав)| select
|Set 12| |Сет 12| Verbs Глаголи |$издава/$издаде (а. $издадов, $издаде)| |rent; publish; give out|
|Set 12| |Сет 12| Verbs Глаголи |(се) р$асправа| |to argue|
|Set 12| |Сет 12| Verbs Глаголи см$естува/см$ести |to place|
|Set 12| |Сет 12| Verbs Глаголи |се сн$аоѓа/се сн$ајде| |find one’s way|
|Set 12| |Сет 12| Verbs Глаголи |се согл$асува/се с$огласи| agree
|Set 12| |Сет 12| Verbs Глаголи ста$ва/ст$ави place
|Set 12| |Сет 12| Verbs Глаголи ур$едува/ур$еди organize
|Set 12| |Сет 12| Adverbs Прилози м$есечно monthly
|Set 12| |Сет 12| Adverbs Прилози момент$ално |currently; at the moment|
|Set 12| |Сет 12| Adverbs Прилози $обично usually
|Set 12| |Сет 12| Adverbs Прилози $однапред |beforehand, ahead, in advance|
|Set 12| |Сет 12| Adverbs Прилози пр$емногу |too much, excessively|
|Set 12| |Сет 12| Adverbs Прилози р$етко rarely
|Set 12| |Сет 12| Expressions Изрази |по д$оговор| |by agreement|
|Set 12| |Сет 12| Expressions Изрази |под к$ирија| |for rent|
|Set 12| |Сет 12| Conjunctions Сврзници $отколку than
|Set 12| |Сет 12| Conjunctions Сврзници |п$оради т$оа што| |due to the fact that...|
|Set 12| |Сет 12| Prefix Префикс пре- too
|Set 13| |Сет 13| Nouns Именки |ави$онска к$арта| |airplane ticket|
|Set 13| |Сет 13| Nouns Именки аеродр$ом airport
|Set 13| |Сет 13| Nouns Именки б$агаж baggage
|Set 13| |Сет 13| Nouns Именки бл$уза blouse
|Set 13| |Сет 13| Nouns Именки бор pine
|Set 13| |Сет 13| Nouns Именки брич razor
|Set 13| |Сет 13| Nouns Именки брод ship
|Set 13| |Сет 13| Nouns Именки век century
|Set 13| |Сет 13| Nouns Именки врв summit
|Set 13| |Сет 13| Nouns Именки г$аќи underpants
|Set 13| |Сет 13| Nouns Именки |г$аќи за к$апење| |swimming trunks|
|Set 13| |Сет 13| Nouns Именки гр$аница border
|Set 13| |Сет 13| Nouns Именки д$олина valley
|Set 13| |Сет 13| Nouns Именки |д$олна $облека| underwear
|Set 13| |Сет 13| Nouns Именки |$Егејско М$оре| |Aegean Sea|
|Set 13| |Сет 13| Nouns Именки зд$олниште skirt
|Set 13| |Сет 13| Nouns Именки к$апа |hat, cap|
|Set 13| |Сет 13| Nouns Именки к$арта |map; ticket; card|
|Set 13| |Сет 13| Nouns Именки кл$има climate
|Set 13| |Сет 13| Nouns Именки конфер$енција conference
|Set 13| |Сет 13| Nouns Именки |к$остим за к$апење| |bathing suit|
|Set 13| |Сет 13| Nouns Именки к$отлина |valley, basin|
|Set 13| |Сет 13| Nouns Именки крав$ата necktie
|Set 13| |Сет 13| Nouns Именки крпа |towel; rag, cloth|
|Set 13| |Сет 13| Nouns Именки к$уфер suitcase
|Set 13| |Сет 13| Nouns Именки л$ист leaf
|Set 13| |Сет 13| Nouns Именки м$антил overcoat
|Set 13| |Сет 13| Nouns Именки м$олика |molika; Balkan pine|
|Set 13| |Сет 13| Nouns Именки |$очила за с$онце| sunglasses
|Set 13| |Сет 13| Nouns Именки пак$ување packing
|Set 13| |Сет 13| Nouns Именки пар pair
|Set 13| |Сет 13| Nouns Именки п$асош passport
|Set 13| |Сет 13| Nouns Именки |п$аста за з$аби| toothpaste
|Set 13| |Сет 13| Nouns Именки |пат (мн. п$атишта)| |road, path|
|Set 13| |Сет 13| Nouns Именки п$атика |sneaker, running shoe|
|Set 13| |Сет 13| Nouns Именки п$ешкир towel
|Set 13| |Сет 13| Nouns Именки |пиџ$ами, пиж$ами| pyjamas
|Set 13| |Сет 13| Nouns Именки р$ало pair
|Set 13| |Сет 13| Nouns Именки р$амнина plain
|Set 13| |Сет 13| Nouns Именки р$емен belt
|Set 13| |Сет 13| Nouns Именки сак$о |sports coat|
|Set 13| |Сет 13| Nouns Именки сп$исок list
|Set 13| |Сет 13| Nouns Именки |стр$анство (во...)| abroad
|Set 13| |Сет 13| Nouns Именки тр$анспорт transportation
|Set 13| |Сет 13| Nouns Именки тргн$ување departure
|Set 13| |Сет 13| Nouns Именки ф$армерки jeans
|Set 13| |Сет 13| Nouns Именки ф$устан dress
|Set 13| |Сет 13| Nouns Именки ч$етка brush
|Set 13| |Сет 13| Nouns Именки |ч$етка за з$аби| toothbrush
|Set 13| |Сет 13| Nouns Именки ч$еш_ел comb
|Set 13| |Сет 13| Nouns Именки ч$изма boot
|Set 13| |Сет 13| Nouns Именки ч$ифт pair
|Set 13| |Сет 13| Nouns Именки ч$орап sock
|Set 13| |Сет 13| Nouns Именки шамп$он shampoo
|Set 13| |Сет 13| Nouns Именки шм$инка makeup
|Set 13| |Сет 13| Adjectives Придавки ексклуз$ив_ен exclusive
|Set 13| |Сет 13| Adjectives Придавки з$апад_ен western
|Set 13| |Сет 13| Adjectives Придавки $источ_ен eastern
|Set 13| |Сет 13| Adjectives Придавки ј$уж_ен southern
|Set 13| |Сет 13| Adjectives Придавки национ$ал_ен national
|Set 13| |Сет 13| Adjectives Придавки север$ен northern
|Set 13| |Сет 13| Verbs Глаголи в$ерува believe
|Set 13| |Сет 13| Verbs Глаголи гр$ади/$изгради |build; construct|
|Set 13| |Сет 13| Verbs Глаголи $испраќа/$испрати |send off on a trip|
|Set 13| |Сет 13| Verbs Глаголи м$еле/с$омеле grind
|Set 13| |Сет 13| Verbs Глаголи м$енува/см$ени |change, exchange (e.g., money)|
|Set 13| |Сет 13| Verbs Глаголи |организ$ира pf., impf.| |to organize|
|Set 13| |Сет 13| Verbs Глаголи |се п$акува| pack
|Set 13| |Сет 13| Verbs Глаголи |п$ече/$испече (a. $испеков, $испече)| roast
|Set 13| |Сет 13| Verbs Глаголи |(се) подг$отвува/(се) п$одготви| |prepare, get ready|
|Set 13| |Сет 13| Verbs Глаголи |пон$есува/п$онесе (а. п$онесов, п$онесе)| |carry along, take with|
|Set 13| |Сет 13| Verbs Глаголи рест$ојува |stay, reside, spend time|
|Set 13| |Сет 13| Verbs Глаголи |(се) пржи/$испржи| fry
|Set 13| |Сет 13| Verbs Глаголи |разл$икува impf.| |differ, be different|
|Set 13| |Сет 13| Verbs Глаголи |се с$еќава/се с$ети| remember
|Set 13| |Сет 13| Verbs Глаголи |сл$егува/сл$езе (а. сл$егов, сл$езе)| |descend, go down|
|Set 13| |Сет 13| Verbs Глаголи |сов$етува/посов$етува (к$ому)| |advise, counsel|
|Set 13| |Сет 13| Verbs Глаголи |се спр$ема/се спр$еми| |prepare, get ready|
|Set 13| |Сет 13| Verbs Глаголи |т$ече/$истече (а. $истеков, $истече)| flow
|Set 13| |Сет 13| Verbs Глаголи тргн$ува/тргне |set off, depart|
|Set 13| |Сет 13| Conjunctions Сврзници |д$одека (да, не)| |while; until|
|Set 13| |Сет 13| Conjunctions Сврзници |д$ури (да, не)| until
|Set 13| |Сет 13| Adverbs Прилози д$етално |in detail|
|Set 13| |Сет 13| Adverbs Прилози н$агоре upward
|Set 13| |Сет 13| Particle Частица д$ури even
|Set 13| |Сет 13| Expressions Изрази |пред н$ашата $ера/п.н.е.| |Before Common Era B.C.E, Before Christ/B.C.|
|Set 13| |Сет 13| Expressions Изрази |од н$ашата $ера/н.е.| |Common Era C.E, Аnno Domini A.D.|
|Set 14| |Сет 14| Nouns Именки б$укетче bouquet
|Set 14| |Сет 14| Nouns Именки в$ен_ец wreath
|Set 14| |Сет 14| Nouns Именки вр$аќање return
|Set 14| |Сет 14| Nouns Именки гол goal
|Set 14| |Сет 14| Nouns Именки дн$евник diary
|Set 14| |Сет 14| Nouns Именки затв$орање closing
|Set 14| |Сет 14| Nouns Именки $излет outing
|Set 14| |Сет 14| Nouns Именки л$ента |ribbon, tape; conveyor belt|
|Set 14| |Сет 14| Nouns Именки манифест$ација event
|Set 14| |Сет 14| Nouns Именки м$отив motif
|Set 14| |Сет 14| Nouns Именки н$аграда award
|Set 14| |Сет 14| Nouns Именки н$атпревар competition
|Set 14| |Сет 14| Nouns Именки н$евеста bride
|Set 14| |Сет 14| Nouns Именки п$обедник victor
|Set 14| |Сет 14| Nouns Именки по$езија poetry
|Set 14| |Сет 14| Nouns Именки п$оет poet
|Set 14| |Сет 14| Nouns Именки |п$оетско ч$итање| |poetry reading|
|Set 14| |Сет 14| Nouns Именки пристигн$ување arrival
|Set 14| |Сет 14| Nouns Именки р$акомет handball
|Set 14| |Сет 14| Nouns Именки р$евија |review, show|
|Set 14| |Сет 14| Nouns Именки резулт$ат result
|Set 14| |Сет 14| Nouns Именки репрезент$ација |national team|
|Set 14| |Сет 14| Nouns Именки Ром$анија Romania
|Set 14| |Сет 14| Nouns Именки Р$оман_ец |Romanian (male)|
|Set 14| |Сет 14| Nouns Именки Р$оманка |Romanian (woman)|
|Set 14| |Сет 14| Nouns Именки сл$икар painter
|Set 14| |Сет 14| Nouns Именки т$ема theme
|Set 14| |Сет 14| Nouns Именки термин$ал terminal
|Set 14| |Сет 14| Nouns Именки т$опка ball
|Set 14| |Сет 14| Nouns Именки фин$але finale
|Set 14| |Сет 14| Nouns Именки формул$ар form
|Set 14| |Сет 14| Nouns Именки ш$алтер |window; counter; wicket|
|Set 14| |Сет 14| Nouns Именки шт$ета pity
|Set 14| |Сет 14| Adjectives Придавки зад$овол_ен pleased
|Set 14| |Сет 14| Adjectives Придавки з$адржан detained
|Set 14| |Сет 14| Adjectives Придавки из$едначен |even, tied|
|Set 14| |Сет 14| Adjectives Придавки к$олкав |of what size, how big|
|Set 14| |Сет 14| Adjectives Придавки н$еженет |unmarried (male)|
|Set 14| |Сет 14| Adjectives Придавки нем$аженa |unmarried (female)|
|Set 14| |Сет 14| Adjectives Придавки н$екак_ов |some sort of|
|Set 14| |Сет 14| Adjectives Придавки н$икак_ов |no sort of|
|Set 14| |Сет 14| Adjectives Придавки н$екој some
|Set 14| |Сет 14| Adjectives Придавки н$икој |no sort of|
|Set 14| |Сет 14| Adjectives Придавки $облечен dressed
|Set 14| |Сет 14| Adjectives Придавки опас$ен dangerous
|Set 14| |Сет 14| Adjectives Придавки с$екој |each, every, all kinds|
|Set 14| |Сет 14| Adjectives Придавки стр$ушки Struga
|Set 14| |Сет 14| Adjectives Придавки |ф$ер (invariant)| fair
|Set 14| |Сет 14| Verbs Глаголи вр$ачува/вр$ачи |present, deliver|
|Set 14| |Сет 14| Verbs Глаголи дозв$олува/д$озволи |allow, permit|
|Set 14| |Сет 14| Verbs Глаголи д$офаќа/д$офати |grab, seize|
|Set 14| |Сет 14| Verbs Глаголи заг$убува/з$агуби lose
|Set 14| |Сет 14| Verbs Глаголи заст$анува/з$астане |stop; halt|
|Set 14| |Сет 14| Verbs Глаголи |се изн$аигра pf.| |dance a great deal|
|Set 14| |Сет 14| Verbs Глаголи н$апаѓа/н$ападне attack
|Set 14| |Сет 14| Verbs Глаголи |се $одржува/се $одржи| |take place|
|Set 14| |Сет 14| Verbs Глаголи |риз$икува impf.| risk
|Set 14| |Сет 14| Verbs Глаголи |см$ее impf.| |dare, venture|
|Set 14| |Сет 14| Verbs Глаголи |се с$обира/се с$обере (a. с$обрав, с$обра)| gather
|Set 14| |Сет 14| Adverbs Прилози в$есело |happy, fun|
|Set 14| |Сет 14| Adverbs Прилози н$екаде somewhere
|Set 14| |Сет 14| Adverbs Прилози н$екако somehow
|Set 14| |Сет 14| Adverbs Прилози н$екогаш |someday; at one time|
|Set 14| |Сет 14| Adverbs Прилози н$икаде nowhere
|Set 14| |Сет 14| Adverbs Прилози н$икако |no way|
|Set 14| |Сет 14| Adverbs Прилози н$икогаш never
|Set 14| |Сет 14| Adverbs Прилози $одамна |long ago; for a long time|
|Set 14| |Сет 14| Adverbs Прилози $опасно dangerously
|Set 14| |Сет 14| Adverbs Прилози пон$екогаш |sometimes, occasionally|
|Set 14| |Сет 14| Adverbs Прилози с$екако |by all means|
|Set 14| |Сет 14| Adverbs Прилози с$екогаш always
|Set 14| |Сет 14| Pronouns Заменки н$екој someone
|Set 14| |Сет 14| Pronouns Заменки н$еколку several
|Set 14| |Сет 14| Pronouns Заменки н$ишто nothing
|Set 14| |Сет 14| Pronouns Заменки н$икој |no one|
|Set 14| |Сет 14| Pronouns Заменки сѐ everything
|Set 14| |Сет 14| Pronouns Заменки с$екој |each, every, all kinds|
|Set 14| |Сет 14| Pronouns Заменки с$ешто |all sorts of things; anything|
|Set 14| |Сет 14| Conjunctions Сврзници |к$ако да| |as if|
|Set 14| |Сет 14| Expressions Изразs Еф! |Whew! Oh! Ugh!|
|Set 15| |Сет 15| Nouns Именки б$исер pearl
|Set 15| |Сет 15| Nouns Именки д$етство childhood
|Set 15| |Сет 15| Nouns Именки дожив$ување experience
|Set 15| |Сет 15| Nouns Именки д$уша soul
|Set 15| |Сет 15| Nouns Именки з$емјотрес earthquake
|Set 15| |Сет 15| Nouns Именки к$афуле |small cafe|
|Set 15| |Сет 15| Nouns Именки млад$оженец |groom [plural may refer to bride and groom]|
|Set 15| |Сет 15| Nouns Именки |мл$адост (ж)| youth
|Set 15| |Сет 15| Nouns Именки ност$алгија nostalgia
|Set 15| |Сет 15| Nouns Именки $овца sheep
|Set 15| |Сет 15| Nouns Именки $одење |going; walking|
|Set 15| |Сет 15| Nouns Именки п$азува |bosom, breast|
|Set 15| |Сет 15| Nouns Именки п$ештера cave
|Set 15| |Сет 15| Nouns Именки п$искот |shrill sound; screech, scream|
|Set 15| |Сет 15| Nouns Именки п$оглед |view, sight, outlook|
|Set 15| |Сет 15| Nouns Именки |п$омош (ж)| help
|Set 15| |Сет 15| Nouns Именки пр$оизвод product
|Set 15| |Сет 15| Nouns Именки рид hill
|Set 15| |Сет 15| Nouns Именки св$еќа candle
|Set 15| |Сет 15| Nouns Именки с$ено hay
|Set 15| |Сет 15| Nouns Именки сеќ$авање |reminiscence, recollection|
|Set 15| |Сет 15| Nouns Именки синаг$ога synagogue
|Set 15| |Сет 15| Nouns Именки с$ончоглед sunflower
|Set 15| |Сет 15| Nouns Именки |ст$ог (с$ено)| |hayrick, haystack|
|Set 15| |Сет 15| Nouns Именки тек course
|Set 15| |Сет 15| Nouns Именки ф$ирма company
|Set 15| |Сет 15| Nouns Именки фр$еска fresco
|Set 15| |Сет 15| Adjectives Придавки гол |naked, bare|
|Set 15| |Сет 15| Adjectives Придавки н$алутен angry
|Set 15| |Сет 15| Adjectives Придавки |заб$оравен, незаб$орав_ен| (un)forgettable
|Set 15| |Сет 15| Adjectives Придавки |$обич_ен, не$обич_ен| (un)usual
|Set 15| |Сет 15| Adjectives Придавки ност$алгич_ен nostalgic
|Set 15| |Сет 15| Adjectives Придавки п$одвод_ен underwater
|Set 15| |Сет 15| Adjectives Придавки п$ослед_ен last
|Set 15| |Сет 15| Adjectives Придавки раз$очаран disappointed
|Set 15| |Сет 15| Adjectives Придавки свеж fresh
|Set 15| |Сет 15| Adjectives Придавки ч$ист clean
|Set 15| |Сет 15| Adjectives Придавки ч$овечки human
|Set 15| |Сет 15| Verbs Глаголи дува/задува blow
|Set 15| |Сет 15| Verbs Глаголи зараб$отува/зар$аботи earn
|Set 15| |Сет 15| Verbs Глаголи |(се) изд$олжува/(се) $издолжи| |extend, stretch out|
|Set 15| |Сет 15| Verbs Глаголи |се изм$енува/се $измени| |change, exchange|
|Set 15| |Сет 15| Verbs Глаголи |се интерес$ира (за)| |to be interested (in)|
|Set 15| |Сет 15| Verbs Глаголи н$авраќа/н$аврати |drop by|
|Set 15| |Сет 15| Verbs Глаголи оч$екува expect
|Set 15| |Сет 15| Verbs Глаголи п$али/з$апали |light, ignite|
|Set 15| |Сет 15| Verbs Глаголи п$ука/п$укне burst
|Set 15| |Сет 15| Verbs Глаголи разгл$едува/ра$згледа |survey, examine; consider|
|Set 15| |Сет 15| Verbs Глаголи фаќа/фати |grasp, grip|
|Set 15| |Сет 15| Adverbs Прилози зд$одевно boring
|Set 15| |Сет 15| Adverbs Прилози од$озгора |from up above|
|Set 15| |Сет 15| Adverbs Прилози повр$емено |sporadically, occasionally|
